Date,IMEI,Login,Browse,AppInstall,AppActive
2023-12-01,IMEI0,2,19,3,5
2023-12-01,IMEI1,0,13,3,2
2023-12-01,IMEI2,6,20,0,7
2023-12-01,IMEI3,4,12,2,1
2023-12-01,IMEI4,9,13,0,6
2023-12-01,IMEI5,10,8,2,2
2023-12-01,IMEI6,2,2,0,2
2023-12-01,IMEI7,3,4,0,1
2023-12-01,IMEI8,2,4,1,2
2023-12-01,IMEI9,10,12,5,3
2023-12-01,IMEI10,10,10,3,0
2023-12-01,IMEI11,4,2,5,7
2023-12-01,IMEI12,2,20,2,1
2023-12-01,IMEI13,5,20,1,4
2023-12-01,IMEI14,10,19,2,4
2023-12-01,IMEI15,10,16,4,0
2023-12-01,IMEI16,2,6,3,3
2023-12-01,IMEI17,10,3,2,1
2023-12-01,IMEI18,6,19,3,6
2023-12-01,IMEI19,0,7,4,1
2023-12-01,IMEI20,10,0,0,5
2023-12-01,IMEI21,2,10,4,5
2023-12-01,IMEI22,4,6,2,4
2023-12-01,IMEI23,6,18,3,1
2023-12-01,IMEI24,9,7,2,5
2023-12-01,IMEI25,1,15,5,6
2023-12-01,IMEI26,4,13,3,4
2023-12-01,IMEI27,8,3,3,5
2023-12-01,IMEI28,5,5,4,7
2023-12-01,IMEI29,10,11,1,6
2023-12-01,IMEI30,6,4,4,0
2023-12-01,IMEI31,8,15,4,3
2023-12-01,IMEI32,2,1,2,1
2023-12-01,IMEI33,1,6,2,4
2023-12-01,IMEI34,6,12,0,8
2023-12-01,IMEI35,10,20,3,2
2023-12-01,IMEI36,8,20,2,1
2023-12-01,IMEI37,6,10,1,3
2023-12-01,IMEI38,3,12,1,1
2023-12-01,IMEI39,10,15,4,2
2023-12-01,IMEI40,10,2,2,8
2023-12-01,IMEI41,3,11,3,4
2023-12-01,IMEI42,0,6,5,3
2023-12-01,IMEI43,8,11,1,7
2023-12-01,IMEI44,5,16,4,8
2023-12-01,IMEI45,3,16,1,0
2023-12-01,IMEI46,1,19,3,0
2023-12-01,IMEI47,10,9,2,2
2023-12-01,IMEI48,0,6,4,5
2023-12-01,IMEI49,3,1,2,5
2023-12-01,IMEI50,7,10,2,0
2023-12-01,IMEI51,8,19,0,6
2023-12-01,IMEI52,7,15,3,0
2023-12-01,IMEI53,5,20,2,4
2023-12-01,IMEI54,10,7,4,1
2023-12-01,IMEI55,0,7,2,0
2023-12-01,IMEI56,10,6,5,4
2023-12-01,IMEI57,3,1,5,8
2023-12-01,IMEI58,1,7,1,1
2023-12-01,IMEI59,1,3,5,2
2023-12-01,IMEI60,0,13,1,6
2023-12-01,IMEI61,7,7,5,6
2023-12-01,IMEI62,0,16,4,1
2023-12-01,IMEI63,10,3,1,7
2023-12-01,IMEI64,0,3,0,0
2023-12-01,IMEI65,10,17,1,7
2023-12-01,IMEI66,10,20,5,6
2023-12-01,IMEI67,2,18,0,2
2023-12-01,IMEI68,1,3,0,6
2023-12-01,IMEI69,5,14,4,2
2023-12-01,IMEI70,4,16,5,7
2023-12-01,IMEI71,6,18,0,0
2023-12-01,IMEI72,8,16,0,8
2023-12-01,IMEI73,7,19,3,6
2023-12-01,IMEI74,4,11,1,2
2023-12-01,IMEI75,7,0,4,8
2023-12-01,IMEI76,5,13,0,7
2023-12-01,IMEI77,8,14,2,2
2023-12-01,IMEI78,6,8,4,4
2023-12-01,IMEI79,10,7,2,8
2023-12-01,IMEI80,9,4,5,0
2023-12-01,IMEI81,7,17,0,2
2023-12-01,IMEI82,10,1,0,6
2023-12-01,IMEI83,3,13,3,7
2023-12-01,IMEI84,8,14,1,6
2023-12-01,IMEI85,0,14,1,4
2023-12-01,IMEI86,10,5,2,0
2023-12-01,IMEI87,7,12,2,5
2023-12-01,IMEI88,4,18,5,5
2023-12-01,IMEI89,1,9,2,4
2023-12-01,IMEI90,4,19,3,1
2023-12-01,IMEI91,2,2,0,1
2023-12-01,IMEI92,7,15,4,6
2023-12-01,IMEI93,5,10,0,4
2023-12-01,IMEI94,1,6,4,7
2023-12-01,IMEI95,3,0,0,4
2023-12-01,IMEI96,0,10,2,0
2023-12-01,IMEI97,10,5,5,5
2023-12-01,IMEI98,7,3,0,6
2023-12-01,IMEI99,6,14,5,5
2023-12-02,IMEI0,2,12,1,8
2023-12-02,IMEI1,6,11,0,3
2023-12-02,IMEI2,3,16,3,2
2023-12-02,IMEI3,8,4,5,7
2023-12-02,IMEI4,3,9,2,7
2023-12-02,IMEI5,2,10,2,5
2023-12-02,IMEI6,1,4,3,7
2023-12-02,IMEI7,1,12,4,4
2023-12-02,IMEI8,8,11,0,5
2023-12-02,IMEI9,1,11,0,0
2023-12-02,IMEI10,9,2,4,4
2023-12-02,IMEI11,5,10,3,0
2023-12-02,IMEI12,10,1,3,2
2023-12-02,IMEI13,2,5,2,5
2023-12-02,IMEI14,4,10,5,8
2023-12-02,IMEI15,2,3,1,1
2023-12-02,IMEI16,10,8,2,4
2023-12-02,IMEI17,5,17,4,1
2023-12-02,IMEI18,8,0,5,6
2023-12-02,IMEI19,2,16,3,5
2023-12-02,IMEI20,8,15,3,1
2023-12-02,IMEI21,7,15,0,2
2023-12-02,IMEI22,5,12,0,5
2023-12-02,IMEI23,6,18,2,6
2023-12-02,IMEI24,3,20,5,2
2023-12-02,IMEI25,1,9,5,0
2023-12-02,IMEI26,8,0,4,7
2023-12-02,IMEI27,0,20,3,6
2023-12-02,IMEI28,1,3,4,2
2023-12-02,IMEI29,2,14,4,6
2023-12-02,IMEI30,6,4,5,4
2023-12-02,IMEI31,6,14,1,8
2023-12-02,IMEI32,4,15,3,0
2023-12-02,IMEI33,10,20,2,3
2023-12-02,IMEI34,2,10,3,1
2023-12-02,IMEI35,1,3,0,8
2023-12-02,IMEI36,9,1,4,2
2023-12-02,IMEI37,7,14,0,1
2023-12-02,IMEI38,1,11,5,7
2023-12-02,IMEI39,3,8,0,1
2023-12-02,IMEI40,5,7,0,0
2023-12-02,IMEI41,4,5,1,6
2023-12-02,IMEI42,5,7,1,1
2023-12-02,IMEI43,8,17,5,0
2023-12-02,IMEI44,5,13,2,7
2023-12-02,IMEI45,3,2,3,4
2023-12-02,IMEI46,7,6,1,3
2023-12-02,IMEI47,3,20,0,0
2023-12-02,IMEI48,8,12,2,6
2023-12-02,IMEI49,8,16,1,4
2023-12-02,IMEI50,7,1,1,1
2023-12-02,IMEI51,6,17,0,1
2023-12-02,IMEI52,9,8,1,5
2023-12-02,IMEI53,5,4,1,2
2023-12-02,IMEI54,2,6,4,6
2023-12-02,IMEI55,1,10,3,3
2023-12-02,IMEI56,6,17,3,5
2023-12-02,IMEI57,0,12,1,6
2023-12-02,IMEI58,2,5,1,4
2023-12-02,IMEI59,8,12,1,4
2023-12-02,IMEI60,1,8,0,4
2023-12-02,IMEI61,10,5,4,4
2023-12-02,IMEI62,8,2,4,6
2023-12-02,IMEI63,6,19,1,4
2023-12-02,IMEI64,8,4,3,8
2023-12-02,IMEI65,6,19,1,6
2023-12-02,IMEI66,5,16,5,7
2023-12-02,IMEI67,10,11,2,1
2023-12-02,IMEI68,3,10,5,8
2023-12-02,IMEI69,3,8,5,1
2023-12-02,IMEI70,5,3,5,6
2023-12-02,IMEI71,9,3,2,1
2023-12-02,IMEI72,5,12,3,2
2023-12-02,IMEI73,5,0,0,5
2023-12-02,IMEI74,6,11,4,1
2023-12-02,IMEI75,10,9,0,5
2023-12-02,IMEI76,10,5,2,2
2023-12-02,IMEI77,4,10,5,5
2023-12-02,IMEI78,5,9,3,1
2023-12-02,IMEI79,3,1,1,6
2023-12-02,IMEI80,2,7,4,1
2023-12-02,IMEI81,4,11,2,5
2023-12-02,IMEI82,0,0,2,7
2023-12-02,IMEI83,9,15,3,2
2023-12-02,IMEI84,2,7,2,3
2023-12-02,IMEI85,1,11,2,7
2023-12-02,IMEI86,4,13,2,8
2023-12-02,IMEI87,4,5,4,3
2023-12-02,IMEI88,6,5,3,6
2023-12-02,IMEI89,1,5,2,8
2023-12-02,IMEI90,0,15,3,6
2023-12-02,IMEI91,2,5,2,3
2023-12-02,IMEI92,1,16,2,5
2023-12-02,IMEI93,6,11,0,7
2023-12-02,IMEI94,4,11,2,5
2023-12-02,IMEI95,5,20,1,6
2023-12-02,IMEI96,5,9,0,2
2023-12-02,IMEI97,5,20,5,8
2023-12-02,IMEI98,2,15,4,2
2023-12-02,IMEI99,1,3,0,7
2023-12-03,IMEI0,4,16,2,5
2023-12-03,IMEI1,10,2,0,0
2023-12-03,IMEI2,7,9,3,1
2023-12-03,IMEI3,9,8,2,1
2023-12-03,IMEI4,0,9,4,7
2023-12-03,IMEI5,4,8,3,3
2023-12-03,IMEI6,3,1,3,2
2023-12-03,IMEI7,6,0,4,6
2023-12-03,IMEI8,5,20,4,1
2023-12-03,IMEI9,4,8,4,5
2023-12-03,IMEI10,6,3,4,0
2023-12-03,IMEI11,1,14,5,1
2023-12-03,IMEI12,3,19,5,2
2023-12-03,IMEI13,2,13,3,0
2023-12-03,IMEI14,1,5,2,6
2023-12-03,IMEI15,8,18,2,2
2023-12-03,IMEI16,6,4,5,1
2023-12-03,IMEI17,8,0,5,5
2023-12-03,IMEI18,1,13,2,3
2023-12-03,IMEI19,9,20,2,5
2023-12-03,IMEI20,4,7,3,2
2023-12-03,IMEI21,8,12,5,5
2023-12-03,IMEI22,7,4,0,8
2023-12-03,IMEI23,2,9,0,3
2023-12-03,IMEI24,6,14,2,5
2023-12-03,IMEI25,5,20,0,4
2023-12-03,IMEI26,3,19,2,3
2023-12-03,IMEI27,8,0,5,3
2023-12-03,IMEI28,5,2,5,1
2023-12-03,IMEI29,0,14,5,2
2023-12-03,IMEI30,1,15,2,3
2023-12-03,IMEI31,5,6,3,0
2023-12-03,IMEI32,0,18,2,7
2023-12-03,IMEI33,2,15,2,7
2023-12-03,IMEI34,10,1,0,1
2023-12-03,IMEI35,2,0,5,3
2023-12-03,IMEI36,1,19,0,5
2023-12-03,IMEI37,7,3,0,4
2023-12-03,IMEI38,3,7,0,7
2023-12-03,IMEI39,5,8,2,4
2023-12-03,IMEI40,8,9,0,3
2023-12-03,IMEI41,5,18,4,5
2023-12-03,IMEI42,8,18,4,3
2023-12-03,IMEI43,3,20,4,1
2023-12-03,IMEI44,0,10,5,4
2023-12-03,IMEI45,5,9,5,6
2023-12-03,IMEI46,10,4,1,7
2023-12-03,IMEI47,5,3,1,7
2023-12-03,IMEI48,4,1,4,1
2023-12-03,IMEI49,5,3,5,8
2023-12-03,IMEI50,1,13,3,1
2023-12-03,IMEI51,0,7,1,0
2023-12-03,IMEI52,0,19,2,2
2023-12-03,IMEI53,6,18,0,6
2023-12-03,IMEI54,8,8,2,5
2023-12-03,IMEI55,8,6,1,4
2023-12-03,IMEI56,8,8,4,2
2023-12-03,IMEI57,6,3,2,0
2023-12-03,IMEI58,8,8,4,3
2023-12-03,IMEI59,4,19,3,8
2023-12-03,IMEI60,2,7,5,5
2023-12-03,IMEI61,5,20,0,6
2023-12-03,IMEI62,6,7,2,3
2023-12-03,IMEI63,0,9,1,6
2023-12-03,IMEI64,0,17,0,5
2023-12-03,IMEI65,3,11,4,7
2023-12-03,IMEI66,1,17,1,8
2023-12-03,IMEI67,1,11,5,7
2023-12-03,IMEI68,7,18,2,0
2023-12-03,IMEI69,2,5,3,7
2023-12-03,IMEI70,5,15,4,8
2023-12-03,IMEI71,4,9,4,6
2023-12-03,IMEI72,7,2,4,6
2023-12-03,IMEI73,8,8,0,8
2023-12-03,IMEI74,4,8,3,2
2023-12-03,IMEI75,6,19,1,1
2023-12-03,IMEI76,0,12,5,0
2023-12-03,IMEI77,8,1,4,5
2023-12-03,IMEI78,1,13,0,5
2023-12-03,IMEI79,0,20,5,5
2023-12-03,IMEI80,10,17,3,2
2023-12-03,IMEI81,7,17,2,7
2023-12-03,IMEI82,0,15,4,4
2023-12-03,IMEI83,5,19,2,2
2023-12-03,IMEI84,0,14,0,5
2023-12-03,IMEI85,10,2,4,3
2023-12-03,IMEI86,7,18,5,5
2023-12-03,IMEI87,6,19,4,6
2023-12-03,IMEI88,1,8,5,1
2023-12-03,IMEI89,0,10,3,5
2023-12-03,IMEI90,4,3,0,7
2023-12-03,IMEI91,0,6,1,2
2023-12-03,IMEI92,3,14,4,6
2023-12-03,IMEI93,8,2,5,8
2023-12-03,IMEI94,8,1,3,7
2023-12-03,IMEI95,5,8,1,8
2023-12-03,IMEI96,6,8,4,6
2023-12-03,IMEI97,2,8,5,2
2023-12-03,IMEI98,8,14,1,8
2023-12-03,IMEI99,6,12,5,4
2023-12-04,IMEI0,7,3,1,3
2023-12-04,IMEI1,9,3,2,7
2023-12-04,IMEI2,9,4,4,8
2023-12-04,IMEI3,5,15,0,7
2023-12-04,IMEI4,1,16,1,5
2023-12-04,IMEI5,6,4,4,3
2023-12-04,IMEI6,5,20,0,7
2023-12-04,IMEI7,7,13,5,7
2023-12-04,IMEI8,0,15,5,4
2023-12-04,IMEI9,2,15,3,6
2023-12-04,IMEI10,5,11,1,2
2023-12-04,IMEI11,2,5,0,0
2023-12-04,IMEI12,2,15,0,7
2023-12-04,IMEI13,8,9,5,3
2023-12-04,IMEI14,6,15,4,6
2023-12-04,IMEI15,3,20,3,0
2023-12-04,IMEI16,3,13,1,7
2023-12-04,IMEI17,5,6,4,8
2023-12-04,IMEI18,2,16,1,0
2023-12-04,IMEI19,10,17,0,3
2023-12-04,IMEI20,5,18,4,3
2023-12-04,IMEI21,1,19,3,5
2023-12-04,IMEI22,1,18,5,5
2023-12-04,IMEI23,7,17,2,3
2023-12-04,IMEI24,10,14,4,7
2023-12-04,IMEI25,1,3,4,7
2023-12-04,IMEI26,4,10,1,3
2023-12-04,IMEI27,9,15,2,5
2023-12-04,IMEI28,1,14,1,4
2023-12-04,IMEI29,4,2,2,1
2023-12-04,IMEI30,6,1,1,3
2023-12-04,IMEI31,0,4,1,7
2023-12-04,IMEI32,7,0,1,4
2023-12-04,IMEI33,5,19,0,5
2023-12-04,IMEI34,10,18,4,2
2023-12-04,IMEI35,4,16,5,4
2023-12-04,IMEI36,7,3,4,7
2023-12-04,IMEI37,8,15,0,8
2023-12-04,IMEI38,2,7,2,8
2023-12-04,IMEI39,8,13,4,0
2023-12-04,IMEI40,2,20,5,3
2023-12-04,IMEI41,0,13,3,2
2023-12-04,IMEI42,6,11,4,2
2023-12-04,IMEI43,10,16,4,6
2023-12-04,IMEI44,3,18,4,3
2023-12-04,IMEI45,4,20,3,6
2023-12-04,IMEI46,1,7,3,3
2023-12-04,IMEI47,8,12,4,8
2023-12-04,IMEI48,0,17,1,1
2023-12-04,IMEI49,1,12,2,7
2023-12-04,IMEI50,5,20,2,5
2023-12-04,IMEI51,5,1,5,3
2023-12-04,IMEI52,10,13,1,7
2023-12-04,IMEI53,6,19,1,8
2023-12-04,IMEI54,4,17,5,8
2023-12-04,IMEI55,1,18,0,0
2023-12-04,IMEI56,4,4,5,5
2023-12-04,IMEI57,6,17,0,7
2023-12-04,IMEI58,3,8,1,0
2023-12-04,IMEI59,5,20,0,3
2023-12-04,IMEI60,2,15,1,5
2023-12-04,IMEI61,10,5,5,5
2023-12-04,IMEI62,4,15,4,6
2023-12-04,IMEI63,6,5,3,2
2023-12-04,IMEI64,6,8,3,4
2023-12-04,IMEI65,5,7,2,2
2023-12-04,IMEI66,0,11,4,8
2023-12-04,IMEI67,10,10,1,7
2023-12-04,IMEI68,3,1,2,5
2023-12-04,IMEI69,9,2,3,3
2023-12-04,IMEI70,3,19,3,8
2023-12-04,IMEI71,2,19,4,8
2023-12-04,IMEI72,1,15,1,3
2023-12-04,IMEI73,4,10,1,3
2023-12-04,IMEI74,3,14,0,3
2023-12-04,IMEI75,6,17,3,6
2023-12-04,IMEI76,8,0,2,1
2023-12-04,IMEI77,2,9,5,5
2023-12-04,IMEI78,6,10,2,3
2023-12-04,IMEI79,1,13,1,5
2023-12-04,IMEI80,8,0,2,2
2023-12-04,IMEI81,6,13,2,4
2023-12-04,IMEI82,4,6,3,0
2023-12-04,IMEI83,10,18,0,3
2023-12-04,IMEI84,7,14,4,7
2023-12-04,IMEI85,9,7,2,1
2023-12-04,IMEI86,10,16,5,8
2023-12-04,IMEI87,3,19,4,4
2023-12-04,IMEI88,5,13,2,5
2023-12-04,IMEI89,1,15,5,3
2023-12-04,IMEI90,3,3,2,4
2023-12-04,IMEI91,10,5,0,6
2023-12-04,IMEI92,0,2,3,7
2023-12-04,IMEI93,9,3,2,8
2023-12-04,IMEI94,0,8,5,2
2023-12-04,IMEI95,2,0,2,7
2023-12-04,IMEI96,3,16,4,0
2023-12-04,IMEI97,0,19,2,2
2023-12-04,IMEI98,2,19,5,5
2023-12-04,IMEI99,10,12,5,8
2023-12-05,IMEI0,9,1,1,5
2023-12-05,IMEI1,6,3,2,6
2023-12-05,IMEI2,0,18,1,8
2023-12-05,IMEI3,4,16,2,1
2023-12-05,IMEI4,6,18,0,6
2023-12-05,IMEI5,6,17,2,1
2023-12-05,IMEI6,2,20,3,6
2023-12-05,IMEI7,1,4,2,4
2023-12-05,IMEI8,10,8,2,3
2023-12-05,IMEI9,4,19,4,3
2023-12-05,IMEI10,1,1,1,8
2023-12-05,IMEI11,7,20,1,1
2023-12-05,IMEI12,3,12,5,6
2023-12-05,IMEI13,0,1,5,2
2023-12-05,IMEI14,9,7,0,7
2023-12-05,IMEI15,0,18,0,6
2023-12-05,IMEI16,5,9,1,8
2023-12-05,IMEI17,7,16,5,1
2023-12-05,IMEI18,4,15,1,4
2023-12-05,IMEI19,3,10,3,0
2023-12-05,IMEI20,6,13,2,4
2023-12-05,IMEI21,8,5,2,0
2023-12-05,IMEI22,2,16,1,6
2023-12-05,IMEI23,3,8,3,2
2023-12-05,IMEI24,0,5,3,1
2023-12-05,IMEI25,8,13,4,2
2023-12-05,IMEI26,7,5,3,8
2023-12-05,IMEI27,7,20,2,3
2023-12-05,IMEI28,0,7,3,1
2023-12-05,IMEI29,5,8,1,7
2023-12-05,IMEI30,9,13,4,6
2023-12-05,IMEI31,7,15,3,0
2023-12-05,IMEI32,0,19,3,2
2023-12-05,IMEI33,4,12,2,5
2023-12-05,IMEI34,1,4,2,5
2023-12-05,IMEI35,1,10,2,5
2023-12-05,IMEI36,6,4,5,3
2023-12-05,IMEI37,1,10,4,4
2023-12-05,IMEI38,2,19,4,8
2023-12-05,IMEI39,7,16,4,2
2023-12-05,IMEI40,1,6,1,4
2023-12-05,IMEI41,3,15,1,4
2023-12-05,IMEI42,0,2,4,8
2023-12-05,IMEI43,8,13,0,4
2023-12-05,IMEI44,6,7,3,8
2023-12-05,IMEI45,5,19,3,1
2023-12-05,IMEI46,7,14,5,1
2023-12-05,IMEI47,5,17,1,0
2023-12-05,IMEI48,8,12,3,8
2023-12-05,IMEI49,7,16,5,7
2023-12-05,IMEI50,9,1,3,4
2023-12-05,IMEI51,3,16,4,4
2023-12-05,IMEI52,6,4,4,2
2023-12-05,IMEI53,6,3,3,3
2023-12-05,IMEI54,5,19,0,2
2023-12-05,IMEI55,1,11,0,5
2023-12-05,IMEI56,6,0,3,0
2023-12-05,IMEI57,6,13,5,4
2023-12-05,IMEI58,10,17,4,4
2023-12-05,IMEI59,7,6,4,8
2023-12-05,IMEI60,10,15,2,8
2023-12-05,IMEI61,8,10,3,1
2023-12-05,IMEI62,9,1,2,6
2023-12-05,IMEI63,9,8,3,2
2023-12-05,IMEI64,7,17,2,2
2023-12-05,IMEI65,8,13,1,4
2023-12-05,IMEI66,2,1,5,8
2023-12-05,IMEI67,3,2,3,1
2023-12-05,IMEI68,4,14,3,5
2023-12-05,IMEI69,6,13,4,4
2023-12-05,IMEI70,0,14,5,4
2023-12-05,IMEI71,7,6,1,1
2023-12-05,IMEI72,9,17,2,7
2023-12-05,IMEI73,3,9,0,1
2023-12-05,IMEI74,9,8,0,3
2023-12-05,IMEI75,1,11,0,3
2023-12-05,IMEI76,4,19,0,2
2023-12-05,IMEI77,6,2,5,2
2023-12-05,IMEI78,4,0,2,0
2023-12-05,IMEI79,6,11,5,6
2023-12-05,IMEI80,3,11,1,3
2023-12-05,IMEI81,9,0,0,4
2023-12-05,IMEI82,8,4,3,5
2023-12-05,IMEI83,2,9,3,7
2023-12-05,IMEI84,6,12,4,3
2023-12-05,IMEI85,7,0,3,1
2023-12-05,IMEI86,2,18,1,0
2023-12-05,IMEI87,2,15,4,0
2023-12-05,IMEI88,2,17,5,1
2023-12-05,IMEI89,5,19,0,2
2023-12-05,IMEI90,0,5,5,6
2023-12-05,IMEI91,0,5,0,6
2023-12-05,IMEI92,10,8,5,0
2023-12-05,IMEI93,8,10,5,1
2023-12-05,IMEI94,9,20,1,8
2023-12-05,IMEI95,7,7,4,1
2023-12-05,IMEI96,6,3,0,5
2023-12-05,IMEI97,0,5,1,7
2023-12-05,IMEI98,0,13,3,7
2023-12-05,IMEI99,0,14,0,4
2023-12-06,IMEI0,7,17,4,6
2023-12-06,IMEI1,0,5,1,2
2023-12-06,IMEI2,7,18,2,1
2023-12-06,IMEI3,7,3,3,0
2023-12-06,IMEI4,1,16,1,5
2023-12-06,IMEI5,3,0,5,8
2023-12-06,IMEI6,6,16,3,7
2023-12-06,IMEI7,10,13,1,4
2023-12-06,IMEI8,3,20,4,4
2023-12-06,IMEI9,4,9,4,7
2023-12-06,IMEI10,3,9,4,2
2023-12-06,IMEI11,8,16,0,2
2023-12-06,IMEI12,8,8,4,3
2023-12-06,IMEI13,10,0,1,6
2023-12-06,IMEI14,2,13,1,1
2023-12-06,IMEI15,6,1,1,0
2023-12-06,IMEI16,1,6,0,6
2023-12-06,IMEI17,4,12,3,6
2023-12-06,IMEI18,1,6,3,3
2023-12-06,IMEI19,2,1,2,6
2023-12-06,IMEI20,3,8,2,2
2023-12-06,IMEI21,0,10,1,4
2023-12-06,IMEI22,9,3,1,8
2023-12-06,IMEI23,9,18,2,0
2023-12-06,IMEI24,5,7,2,4
2023-12-06,IMEI25,1,1,3,1
2023-12-06,IMEI26,4,19,4,7
2023-12-06,IMEI27,4,5,5,8
2023-12-06,IMEI28,0,0,2,7
2023-12-06,IMEI29,7,20,1,2
2023-12-06,IMEI30,10,4,1,7
2023-12-06,IMEI31,9,3,5,8
2023-12-06,IMEI32,5,9,1,2
2023-12-06,IMEI33,5,8,3,8
2023-12-06,IMEI34,5,5,2,8
2023-12-06,IMEI35,10,4,4,4
2023-12-06,IMEI36,9,20,1,7
2023-12-06,IMEI37,0,19,3,7
2023-12-06,IMEI38,9,19,1,8
2023-12-06,IMEI39,6,0,4,6
2023-12-06,IMEI40,5,9,3,2
2023-12-06,IMEI41,1,4,1,7
2023-12-06,IMEI42,8,5,0,0
2023-12-06,IMEI43,8,14,1,4
2023-12-06,IMEI44,4,15,1,7
2023-12-06,IMEI45,2,9,3,1
2023-12-06,IMEI46,9,3,1,8
2023-12-06,IMEI47,7,13,1,7
2023-12-06,IMEI48,3,4,4,6
2023-12-06,IMEI49,1,6,2,3
2023-12-06,IMEI50,8,19,1,5
2023-12-06,IMEI51,5,11,2,7
2023-12-06,IMEI52,5,9,1,2
2023-12-06,IMEI53,6,5,4,1
2023-12-06,IMEI54,3,9,5,7
2023-12-06,IMEI55,0,8,5,3
2023-12-06,IMEI56,2,0,1,1
2023-12-06,IMEI57,9,20,2,2
2023-12-06,IMEI58,2,3,1,6
2023-12-06,IMEI59,4,3,2,4
2023-12-06,IMEI60,10,12,0,3
2023-12-06,IMEI61,6,10,5,7
2023-12-06,IMEI62,1,2,4,1
2023-12-06,IMEI63,10,4,4,6
2023-12-06,IMEI64,9,12,1,4
2023-12-06,IMEI65,4,7,4,5
2023-12-06,IMEI66,4,3,5,8
2023-12-06,IMEI67,6,4,5,0
2023-12-06,IMEI68,10,11,4,5
2023-12-06,IMEI69,10,17,3,4
2023-12-06,IMEI70,9,9,4,3
2023-12-06,IMEI71,8,5,1,1
2023-12-06,IMEI72,0,7,4,0
2023-12-06,IMEI73,7,15,3,4
2023-12-06,IMEI74,6,18,5,1
2023-12-06,IMEI75,7,17,0,5
2023-12-06,IMEI76,10,3,4,5
2023-12-06,IMEI77,3,3,4,3
2023-12-06,IMEI78,5,6,1,7
2023-12-06,IMEI79,8,16,3,2
2023-12-06,IMEI80,5,5,4,8
2023-12-06,IMEI81,1,1,2,0
2023-12-06,IMEI82,8,5,0,8
2023-12-06,IMEI83,5,0,3,0
2023-12-06,IMEI84,3,8,0,6
2023-12-06,IMEI85,6,8,5,1
2023-12-06,IMEI86,10,20,2,5
2023-12-06,IMEI87,5,18,4,2
2023-12-06,IMEI88,6,3,2,8
2023-12-06,IMEI89,0,10,0,8
2023-12-06,IMEI90,3,8,3,3
2023-12-06,IMEI91,5,1,0,0
2023-12-06,IMEI92,1,19,4,0
2023-12-06,IMEI93,8,20,3,8
2023-12-06,IMEI94,9,13,0,6
2023-12-06,IMEI95,10,7,5,3
2023-12-06,IMEI96,1,3,1,8
2023-12-06,IMEI97,3,18,1,3
2023-12-06,IMEI98,8,7,3,4
2023-12-06,IMEI99,6,1,3,2
2023-12-07,IMEI0,8,1,4,0
2023-12-07,IMEI1,0,16,0,2
2023-12-07,IMEI2,10,15,4,1
2023-12-07,IMEI3,6,1,0,6
2023-12-07,IMEI4,1,3,5,6
2023-12-07,IMEI5,7,6,4,1
2023-12-07,IMEI6,9,11,2,4
2023-12-07,IMEI7,9,18,3,7
2023-12-07,IMEI8,3,10,3,6
2023-12-07,IMEI9,6,18,5,8
2023-12-07,IMEI10,9,18,0,6
2023-12-07,IMEI11,7,18,0,4
2023-12-07,IMEI12,4,2,5,2
2023-12-07,IMEI13,3,5,5,3
2023-12-07,IMEI14,9,0,5,8
2023-12-07,IMEI15,4,7,2,6
2023-12-07,IMEI16,6,19,5,0
2023-12-07,IMEI17,5,9,2,4
2023-12-07,IMEI18,0,19,3,6
2023-12-07,IMEI19,0,3,5,6
2023-12-07,IMEI20,6,16,5,6
2023-12-07,IMEI21,1,15,1,6
2023-12-07,IMEI22,7,20,4,2
2023-12-07,IMEI23,0,12,2,2
2023-12-07,IMEI24,4,10,1,5
2023-12-07,IMEI25,5,16,1,0
2023-12-07,IMEI26,1,6,4,4
2023-12-07,IMEI27,7,1,1,2
2023-12-07,IMEI28,7,7,1,1
2023-12-07,IMEI29,8,5,1,7
2023-12-07,IMEI30,2,5,5,6
2023-12-07,IMEI31,9,2,3,2
2023-12-07,IMEI32,7,12,1,7
2023-12-07,IMEI33,5,19,0,1
2023-12-07,IMEI34,5,12,5,6
2023-12-07,IMEI35,5,15,5,7
2023-12-07,IMEI36,2,4,4,6
2023-12-07,IMEI37,9,4,3,6
2023-12-07,IMEI38,3,4,0,6
2023-12-07,IMEI39,5,16,1,5
2023-12-07,IMEI40,0,14,3,2
2023-12-07,IMEI41,7,15,1,4
2023-12-07,IMEI42,0,18,2,3
2023-12-07,IMEI43,3,16,0,5
2023-12-07,IMEI44,10,12,4,7
2023-12-07,IMEI45,1,12,0,8
2023-12-07,IMEI46,1,17,3,8
2023-12-07,IMEI47,6,8,5,5
2023-12-07,IMEI48,1,7,3,1
2023-12-07,IMEI49,2,5,0,1
2023-12-07,IMEI50,4,20,1,7
2023-12-07,IMEI51,5,1,0,6
2023-12-07,IMEI52,0,17,1,5
2023-12-07,IMEI53,10,16,0,0
2023-12-07,IMEI54,10,15,5,8
2023-12-07,IMEI55,1,16,5,2
2023-12-07,IMEI56,4,0,5,2
2023-12-07,IMEI57,0,19,5,7
2023-12-07,IMEI58,7,19,2,5
2023-12-07,IMEI59,9,12,3,4
2023-12-07,IMEI60,7,3,3,3
2023-12-07,IMEI61,10,15,0,3
2023-12-07,IMEI62,1,0,5,0
2023-12-07,IMEI63,8,3,4,8
2023-12-07,IMEI64,1,1,0,4
2023-12-07,IMEI65,8,8,4,0
2023-12-07,IMEI66,3,2,0,3
2023-12-07,IMEI67,0,11,0,6
2023-12-07,IMEI68,7,0,1,3
2023-12-07,IMEI69,5,1,4,6
2023-12-07,IMEI70,1,5,0,8
2023-12-07,IMEI71,7,14,0,1
2023-12-07,IMEI72,10,12,3,5
2023-12-07,IMEI73,8,1,0,7
2023-12-07,IMEI74,8,16,2,8
2023-12-07,IMEI75,10,1,4,6
2023-12-07,IMEI76,1,0,2,2
2023-12-07,IMEI77,1,20,5,8
2023-12-07,IMEI78,7,1,3,3
2023-12-07,IMEI79,7,16,5,1
2023-12-07,IMEI80,0,18,5,0
2023-12-07,IMEI81,7,16,4,2
2023-12-07,IMEI82,3,20,1,8
2023-12-07,IMEI83,6,19,2,1
2023-12-07,IMEI84,7,14,2,7
2023-12-07,IMEI85,1,20,3,4
2023-12-07,IMEI86,8,7,3,5
2023-12-07,IMEI87,2,0,1,1
2023-12-07,IMEI88,8,17,1,0
2023-12-07,IMEI89,3,6,3,2
2023-12-07,IMEI90,8,12,2,1
2023-12-07,IMEI91,2,11,2,3
2023-12-07,IMEI92,2,8,0,5
2023-12-07,IMEI93,2,18,1,5
2023-12-07,IMEI94,1,9,0,7
2023-12-07,IMEI95,5,0,0,6
2023-12-07,IMEI96,9,8,4,3
2023-12-07,IMEI97,0,3,0,1
2023-12-07,IMEI98,6,4,4,4
2023-12-07,IMEI99,1,0,4,3
2023-12-08,IMEI0,3,7,3,3
2023-12-08,IMEI1,8,3,5,7
2023-12-08,IMEI2,9,14,3,2
2023-12-08,IMEI3,10,5,4,4
2023-12-08,IMEI4,0,18,1,7
2023-12-08,IMEI5,6,6,0,8
2023-12-08,IMEI6,2,1,5,3
2023-12-08,IMEI7,4,17,1,8
2023-12-08,IMEI8,6,20,4,2
2023-12-08,IMEI9,10,5,5,4
2023-12-08,IMEI10,2,15,4,8
2023-12-08,IMEI11,9,9,4,0
2023-12-08,IMEI12,1,13,4,1
2023-12-08,IMEI13,6,6,3,7
2023-12-08,IMEI14,5,3,3,8
2023-12-08,IMEI15,3,11,5,4
2023-12-08,IMEI16,7,0,3,7
2023-12-08,IMEI17,2,4,1,8
2023-12-08,IMEI18,10,2,2,1
2023-12-08,IMEI19,0,4,2,6
2023-12-08,IMEI20,6,14,0,5
2023-12-08,IMEI21,4,4,2,4
2023-12-08,IMEI22,1,7,5,2
2023-12-08,IMEI23,5,9,1,4
2023-12-08,IMEI24,2,4,0,6
2023-12-08,IMEI25,10,11,0,7
2023-12-08,IMEI26,2,7,0,2
2023-12-08,IMEI27,2,15,4,6
2023-12-08,IMEI28,9,18,0,5
2023-12-08,IMEI29,8,13,3,0
2023-12-08,IMEI30,0,20,1,1
2023-12-08,IMEI31,0,2,0,0
2023-12-08,IMEI32,4,18,4,7
2023-12-08,IMEI33,0,15,2,0
2023-12-08,IMEI34,5,5,1,3
2023-12-08,IMEI35,8,12,2,0
2023-12-08,IMEI36,7,3,5,0
2023-12-08,IMEI37,3,1,2,4
2023-12-08,IMEI38,9,15,5,7
2023-12-08,IMEI39,0,18,5,8
2023-12-08,IMEI40,6,2,4,1
2023-12-08,IMEI41,10,17,0,7
2023-12-08,IMEI42,0,9,4,4
2023-12-08,IMEI43,4,3,2,5
2023-12-08,IMEI44,8,19,0,0
2023-12-08,IMEI45,9,1,3,2
2023-12-08,IMEI46,6,20,4,0
2023-12-08,IMEI47,7,16,1,5
2023-12-08,IMEI48,3,1,2,8
2023-12-08,IMEI49,5,7,2,7
2023-12-08,IMEI50,5,7,4,0
2023-12-08,IMEI51,6,14,2,7
2023-12-08,IMEI52,10,17,4,6
2023-12-08,IMEI53,5,13,2,7
2023-12-08,IMEI54,1,12,4,7
2023-12-08,IMEI55,4,12,3,2
2023-12-08,IMEI56,5,18,3,4
2023-12-08,IMEI57,8,13,4,3
2023-12-08,IMEI58,5,12,2,3
2023-12-08,IMEI59,10,3,2,5
2023-12-08,IMEI60,2,15,4,6
2023-12-08,IMEI61,5,2,4,7
2023-12-08,IMEI62,3,17,3,3
2023-12-08,IMEI63,4,3,5,3
2023-12-08,IMEI64,1,17,1,7
2023-12-08,IMEI65,0,4,0,3
2023-12-08,IMEI66,0,4,4,0
2023-12-08,IMEI67,2,18,4,8
2023-12-08,IMEI68,0,6,2,1
2023-12-08,IMEI69,4,7,1,8
2023-12-08,IMEI70,10,10,0,7
2023-12-08,IMEI71,5,8,1,7
2023-12-08,IMEI72,5,18,2,5
2023-12-08,IMEI73,5,5,0,5
2023-12-08,IMEI74,1,13,0,6
2023-12-08,IMEI75,7,7,3,3
2023-12-08,IMEI76,2,0,5,4
2023-12-08,IMEI77,6,18,3,8
2023-12-08,IMEI78,0,17,3,2
2023-12-08,IMEI79,4,18,5,1
2023-12-08,IMEI80,4,9,0,4
2023-12-08,IMEI81,4,11,5,4
2023-12-08,IMEI82,2,5,1,0
2023-12-08,IMEI83,7,4,2,5
2023-12-08,IMEI84,2,18,1,7
2023-12-08,IMEI85,5,0,2,4
2023-12-08,IMEI86,4,8,4,8
2023-12-08,IMEI87,5,17,3,6
2023-12-08,IMEI88,8,20,1,8
2023-12-08,IMEI89,2,11,1,2
2023-12-08,IMEI90,3,15,0,1
2023-12-08,IMEI91,3,7,0,6
2023-12-08,IMEI92,10,9,2,2
2023-12-08,IMEI93,0,18,1,7
2023-12-08,IMEI94,9,5,3,2
2023-12-08,IMEI95,9,13,1,5
2023-12-08,IMEI96,9,18,2,0
2023-12-08,IMEI97,8,7,1,1
2023-12-08,IMEI98,0,19,3,7
2023-12-08,IMEI99,4,4,4,2
2023-12-09,IMEI0,8,0,5,6
2023-12-09,IMEI1,6,1,2,5
2023-12-09,IMEI2,3,1,4,3
2023-12-09,IMEI3,9,8,3,7
2023-12-09,IMEI4,6,8,5,3
2023-12-09,IMEI5,1,9,4,3
2023-12-09,IMEI6,10,4,3,0
2023-12-09,IMEI7,2,12,5,3
2023-12-09,IMEI8,7,1,0,5
2023-12-09,IMEI9,7,1,1,5
2023-12-09,IMEI10,1,16,0,0
2023-12-09,IMEI11,8,0,1,5
2023-12-09,IMEI12,3,3,1,6
2023-12-09,IMEI13,3,15,1,8
2023-12-09,IMEI14,1,2,3,6
2023-12-09,IMEI15,0,7,3,2
2023-12-09,IMEI16,0,3,4,0
2023-12-09,IMEI17,3,18,5,2
2023-12-09,IMEI18,8,6,5,4
2023-12-09,IMEI19,10,3,0,2
2023-12-09,IMEI20,5,20,2,8
2023-12-09,IMEI21,0,3,5,5
2023-12-09,IMEI22,9,19,2,6
2023-12-09,IMEI23,6,3,1,2
2023-12-09,IMEI24,5,3,1,0
2023-12-09,IMEI25,0,2,5,5
2023-12-09,IMEI26,2,12,4,4
2023-12-09,IMEI27,4,11,1,0
2023-12-09,IMEI28,4,6,1,3
2023-12-09,IMEI29,8,0,4,5
2023-12-09,IMEI30,0,4,4,3
2023-12-09,IMEI31,10,5,4,4
2023-12-09,IMEI32,8,2,1,6
2023-12-09,IMEI33,7,2,0,0
2023-12-09,IMEI34,3,20,5,8
2023-12-09,IMEI35,10,16,2,0
2023-12-09,IMEI36,4,14,3,3
2023-12-09,IMEI37,10,1,5,4
2023-12-09,IMEI38,4,4,2,8
2023-12-09,IMEI39,4,17,1,7
2023-12-09,IMEI40,4,8,2,2
2023-12-09,IMEI41,5,13,3,3
2023-12-09,IMEI42,6,16,2,8
2023-12-09,IMEI43,7,1,4,8
2023-12-09,IMEI44,0,9,4,8
2023-12-09,IMEI45,6,16,4,6
2023-12-09,IMEI46,10,16,1,4
2023-12-09,IMEI47,4,3,5,6
2023-12-09,IMEI48,5,12,3,5
2023-12-09,IMEI49,1,19,5,1
2023-12-09,IMEI50,8,4,2,7
2023-12-09,IMEI51,0,15,5,5
2023-12-09,IMEI52,6,20,3,5
2023-12-09,IMEI53,3,1,5,1
2023-12-09,IMEI54,0,13,3,5
2023-12-09,IMEI55,2,8,2,5
2023-12-09,IMEI56,2,16,5,2
2023-12-09,IMEI57,0,1,1,2
2023-12-09,IMEI58,3,20,4,1
2023-12-09,IMEI59,9,17,5,3
2023-12-09,IMEI60,3,13,1,0
2023-12-09,IMEI61,4,4,5,7
2023-12-09,IMEI62,5,16,5,7
2023-12-09,IMEI63,7,5,4,7
2023-12-09,IMEI64,0,1,3,2
2023-12-09,IMEI65,0,6,4,6
2023-12-09,IMEI66,9,15,5,0
2023-12-09,IMEI67,4,9,1,2
2023-12-09,IMEI68,5,5,4,5
2023-12-09,IMEI69,1,17,2,7
2023-12-09,IMEI70,8,17,0,6
2023-12-09,IMEI71,10,16,4,3
2023-12-09,IMEI72,8,14,5,6
2023-12-09,IMEI73,4,1,4,1
2023-12-09,IMEI74,4,17,0,3
2023-12-09,IMEI75,8,12,1,2
2023-12-09,IMEI76,8,11,2,7
2023-12-09,IMEI77,1,1,0,7
2023-12-09,IMEI78,5,18,5,5
2023-12-09,IMEI79,2,13,4,8
2023-12-09,IMEI80,6,1,4,1
2023-12-09,IMEI81,0,7,4,5
2023-12-09,IMEI82,0,18,0,0
2023-12-09,IMEI83,4,3,5,7
2023-12-09,IMEI84,6,13,4,3
2023-12-09,IMEI85,1,13,1,5
2023-12-09,IMEI86,4,14,0,0
2023-12-09,IMEI87,9,18,1,3
2023-12-09,IMEI88,1,14,5,4
2023-12-09,IMEI89,7,12,0,6
2023-12-09,IMEI90,8,6,4,0
2023-12-09,IMEI91,9,1,2,8
2023-12-09,IMEI92,6,11,1,0
2023-12-09,IMEI93,7,0,1,0
2023-12-09,IMEI94,9,20,1,2
2023-12-09,IMEI95,1,6,0,4
2023-12-09,IMEI96,1,11,4,8
2023-12-09,IMEI97,7,10,1,8
2023-12-09,IMEI98,7,13,5,1
2023-12-09,IMEI99,0,14,5,5
2023-12-10,IMEI0,4,3,2,2
2023-12-10,IMEI1,1,5,5,2
2023-12-10,IMEI2,2,15,2,7
2023-12-10,IMEI3,0,17,0,4
2023-12-10,IMEI4,0,9,0,1
2023-12-10,IMEI5,10,12,5,8
2023-12-10,IMEI6,2,17,4,0
2023-12-10,IMEI7,5,15,0,2
2023-12-10,IMEI8,7,6,5,7
2023-12-10,IMEI9,4,4,0,6
2023-12-10,IMEI10,9,4,4,3
2023-12-10,IMEI11,10,4,2,5
2023-12-10,IMEI12,1,18,1,8
2023-12-10,IMEI13,2,16,3,7
2023-12-10,IMEI14,10,13,5,0
2023-12-10,IMEI15,7,12,4,2
2023-12-10,IMEI16,2,17,5,1
2023-12-10,IMEI17,2,18,5,5
2023-12-10,IMEI18,9,9,3,2
2023-12-10,IMEI19,1,8,1,5
2023-12-10,IMEI20,2,19,4,2
2023-12-10,IMEI21,5,6,4,6
2023-12-10,IMEI22,6,5,3,0
2023-12-10,IMEI23,0,0,0,8
2023-12-10,IMEI24,10,15,4,7
2023-12-10,IMEI25,7,17,2,0
2023-12-10,IMEI26,4,11,4,1
2023-12-10,IMEI27,5,13,2,3
2023-12-10,IMEI28,5,18,1,2
2023-12-10,IMEI29,1,10,4,8
2023-12-10,IMEI30,3,2,1,1
2023-12-10,IMEI31,6,18,5,3
2023-12-10,IMEI32,6,14,4,0
2023-12-10,IMEI33,8,9,3,1
2023-12-10,IMEI34,5,13,5,2
2023-12-10,IMEI35,3,9,1,3
2023-12-10,IMEI36,2,7,5,6
2023-12-10,IMEI37,7,4,2,2
2023-12-10,IMEI38,0,6,1,2
2023-12-10,IMEI39,7,9,2,0
2023-12-10,IMEI40,2,3,5,7
2023-12-10,IMEI41,5,18,0,6
2023-12-10,IMEI42,4,10,5,3
2023-12-10,IMEI43,2,8,3,3
2023-12-10,IMEI44,9,1,4,1
2023-12-10,IMEI45,9,9,1,4
2023-12-10,IMEI46,9,6,3,7
2023-12-10,IMEI47,8,18,3,3
2023-12-10,IMEI48,6,15,0,4
2023-12-10,IMEI49,4,17,4,6
2023-12-10,IMEI50,8,13,2,3
2023-12-10,IMEI51,6,16,1,4
2023-12-10,IMEI52,5,6,4,5
2023-12-10,IMEI53,4,19,4,1
2023-12-10,IMEI54,1,0,2,5
2023-12-10,IMEI55,3,11,1,8
2023-12-10,IMEI56,7,4,1,7
2023-12-10,IMEI57,8,17,2,7
2023-12-10,IMEI58,8,9,2,1
2023-12-10,IMEI59,3,5,3,4
2023-12-10,IMEI60,6,11,5,1
2023-12-10,IMEI61,9,0,2,1
2023-12-10,IMEI62,8,14,4,6
2023-12-10,IMEI63,5,4,1,2
2023-12-10,IMEI64,7,4,1,2
2023-12-10,IMEI65,1,12,2,7
2023-12-10,IMEI66,0,10,2,4
2023-12-10,IMEI67,1,8,1,4
2023-12-10,IMEI68,5,19,4,8
2023-12-10,IMEI69,7,12,5,7
2023-12-10,IMEI70,2,15,5,2
2023-12-10,IMEI71,7,3,0,8
2023-12-10,IMEI72,3,5,1,1
2023-12-10,IMEI73,5,18,0,7
2023-12-10,IMEI74,6,0,3,4
2023-12-10,IMEI75,7,12,4,6
2023-12-10,IMEI76,2,6,4,3
2023-12-10,IMEI77,1,18,0,8
2023-12-10,IMEI78,10,18,0,8
2023-12-10,IMEI79,7,15,2,1
2023-12-10,IMEI80,2,16,2,2
2023-12-10,IMEI81,8,1,2,0
2023-12-10,IMEI82,8,13,3,7
2023-12-10,IMEI83,4,10,4,1
2023-12-10,IMEI84,3,3,0,5
2023-12-10,IMEI85,5,10,5,5
2023-12-10,IMEI86,6,18,4,0
2023-12-10,IMEI87,0,9,5,8
2023-12-10,IMEI88,4,4,2,3
2023-12-10,IMEI89,3,6,0,5
2023-12-10,IMEI90,10,0,0,1
2023-12-10,IMEI91,10,14,0,5
2023-12-10,IMEI92,5,13,0,1
2023-12-10,IMEI93,0,9,1,2
2023-12-10,IMEI94,4,0,2,1
2023-12-10,IMEI95,8,0,3,4
2023-12-10,IMEI96,10,17,5,0
2023-12-10,IMEI97,2,14,5,7
2023-12-10,IMEI98,0,2,4,6
2023-12-10,IMEI99,8,16,5,3
2023-12-11,IMEI0,3,10,4,7
2023-12-11,IMEI1,5,16,2,6
2023-12-11,IMEI2,8,15,2,4
2023-12-11,IMEI3,6,18,0,2
2023-12-11,IMEI4,8,6,0,5
2023-12-11,IMEI5,9,20,3,3
2023-12-11,IMEI6,5,6,3,4
2023-12-11,IMEI7,2,6,3,2
2023-12-11,IMEI8,8,11,5,7
2023-12-11,IMEI9,4,11,3,7
2023-12-11,IMEI10,2,7,5,2
2023-12-11,IMEI11,2,6,0,3
2023-12-11,IMEI12,8,13,0,4
2023-12-11,IMEI13,7,20,4,7
2023-12-11,IMEI14,8,1,4,5
2023-12-11,IMEI15,5,12,2,6
2023-12-11,IMEI16,9,20,1,1
2023-12-11,IMEI17,5,6,3,6
2023-12-11,IMEI18,5,1,1,1
2023-12-11,IMEI19,4,7,2,4
2023-12-11,IMEI20,4,18,2,4
2023-12-11,IMEI21,2,7,1,1
2023-12-11,IMEI22,5,20,2,5
2023-12-11,IMEI23,9,13,0,3
2023-12-11,IMEI24,0,5,3,2
2023-12-11,IMEI25,4,8,1,7
2023-12-11,IMEI26,6,2,0,4
2023-12-11,IMEI27,7,15,4,4
2023-12-11,IMEI28,6,19,1,5
2023-12-11,IMEI29,5,19,0,0
2023-12-11,IMEI30,7,7,5,6
2023-12-11,IMEI31,0,2,0,6
2023-12-11,IMEI32,6,20,0,7
2023-12-11,IMEI33,1,9,5,1
2023-12-11,IMEI34,0,20,1,2
2023-12-11,IMEI35,4,7,2,6
2023-12-11,IMEI36,5,1,4,4
2023-12-11,IMEI37,3,18,4,4
2023-12-11,IMEI38,2,0,3,0
2023-12-11,IMEI39,7,12,0,7
2023-12-11,IMEI40,2,3,5,5
2023-12-11,IMEI41,3,13,3,7
2023-12-11,IMEI42,8,12,5,3
2023-12-11,IMEI43,2,5,3,3
2023-12-11,IMEI44,1,3,5,0
2023-12-11,IMEI45,9,9,1,3
2023-12-11,IMEI46,5,2,2,7
2023-12-11,IMEI47,6,13,3,1
2023-12-11,IMEI48,8,18,1,7
2023-12-11,IMEI49,7,17,2,2
2023-12-11,IMEI50,6,6,3,3
2023-12-11,IMEI51,8,19,2,8
2023-12-11,IMEI52,4,2,2,6
2023-12-11,IMEI53,6,13,0,5
2023-12-11,IMEI54,10,18,4,6
2023-12-11,IMEI55,2,11,0,0
2023-12-11,IMEI56,3,8,5,2
2023-12-11,IMEI57,7,5,5,8
2023-12-11,IMEI58,8,19,0,1
2023-12-11,IMEI59,1,17,3,5
2023-12-11,IMEI60,6,18,1,8
2023-12-11,IMEI61,4,3,5,1
2023-12-11,IMEI62,3,12,4,6
2023-12-11,IMEI63,5,6,3,5
2023-12-11,IMEI64,6,15,2,2
2023-12-11,IMEI65,5,10,0,8
2023-12-11,IMEI66,4,19,4,5
2023-12-11,IMEI67,2,1,3,6
2023-12-11,IMEI68,10,12,4,3
2023-12-11,IMEI69,8,8,4,8
2023-12-11,IMEI70,5,18,5,4
2023-12-11,IMEI71,9,0,1,2
2023-12-11,IMEI72,1,0,4,4
2023-12-11,IMEI73,6,19,3,0
2023-12-11,IMEI74,10,12,4,7
2023-12-11,IMEI75,7,14,0,1
2023-12-11,IMEI76,6,6,1,4
2023-12-11,IMEI77,8,11,3,2
2023-12-11,IMEI78,3,2,1,4
2023-12-11,IMEI79,7,19,2,3
2023-12-11,IMEI80,10,12,0,6
2023-12-11,IMEI81,4,0,4,4
2023-12-11,IMEI82,6,1,3,5
2023-12-11,IMEI83,10,1,3,7
2023-12-11,IMEI84,5,0,3,4
2023-12-11,IMEI85,7,0,0,8
2023-12-11,IMEI86,6,19,5,6
2023-12-11,IMEI87,0,16,5,8
2023-12-11,IMEI88,7,20,1,4
2023-12-11,IMEI89,10,2,3,6
2023-12-11,IMEI90,10,1,2,6
2023-12-11,IMEI91,9,17,2,5
2023-12-11,IMEI92,6,1,1,6
2023-12-11,IMEI93,10,2,4,4
2023-12-11,IMEI94,8,10,5,6
2023-12-11,IMEI95,0,11,4,1
2023-12-11,IMEI96,6,1,5,5
2023-12-11,IMEI97,10,2,4,2
2023-12-11,IMEI98,3,15,2,5
2023-12-11,IMEI99,10,4,3,4
2023-12-12,IMEI0,2,20,0,3
2023-12-12,IMEI1,0,13,0,3
2023-12-12,IMEI2,0,15,5,2
2023-12-12,IMEI3,2,11,5,5
2023-12-12,IMEI4,7,2,5,6
2023-12-12,IMEI5,6,17,5,3
2023-12-12,IMEI6,1,3,1,0
2023-12-12,IMEI7,2,2,0,5
2023-12-12,IMEI8,3,1,4,7
2023-12-12,IMEI9,1,19,2,7
2023-12-12,IMEI10,2,17,3,6
2023-12-12,IMEI11,3,2,2,3
2023-12-12,IMEI12,7,15,0,1
2023-12-12,IMEI13,8,11,3,3
2023-12-12,IMEI14,0,18,0,2
2023-12-12,IMEI15,6,12,5,4
2023-12-12,IMEI16,2,12,0,2
2023-12-12,IMEI17,9,12,3,6
2023-12-12,IMEI18,4,20,1,3
2023-12-12,IMEI19,8,17,0,7
2023-12-12,IMEI20,6,9,5,3
2023-12-12,IMEI21,0,17,1,2
2023-12-12,IMEI22,0,6,2,6
2023-12-12,IMEI23,10,5,2,8
2023-12-12,IMEI24,0,2,4,3
2023-12-12,IMEI25,9,15,5,8
2023-12-12,IMEI26,8,2,2,8
2023-12-12,IMEI27,0,6,2,8
2023-12-12,IMEI28,7,14,0,3
2023-12-12,IMEI29,0,5,1,8
2023-12-12,IMEI30,9,8,5,7
2023-12-12,IMEI31,3,20,3,3
2023-12-12,IMEI32,7,14,2,5
2023-12-12,IMEI33,3,5,4,2
2023-12-12,IMEI34,7,7,2,3
2023-12-12,IMEI35,8,1,4,0
2023-12-12,IMEI36,7,18,1,2
2023-12-12,IMEI37,9,15,5,6
2023-12-12,IMEI38,4,18,4,1
2023-12-12,IMEI39,0,5,5,8
2023-12-12,IMEI40,4,4,3,0
2023-12-12,IMEI41,2,15,3,0
2023-12-12,IMEI42,2,7,4,4
2023-12-12,IMEI43,7,20,0,4
2023-12-12,IMEI44,4,6,1,6
2023-12-12,IMEI45,3,9,1,1
2023-12-12,IMEI46,3,1,3,5
2023-12-12,IMEI47,3,1,4,8
2023-12-12,IMEI48,5,12,1,1
2023-12-12,IMEI49,2,5,3,1
2023-12-12,IMEI50,1,17,1,7
2023-12-12,IMEI51,4,0,5,5
2023-12-12,IMEI52,7,5,2,0
2023-12-12,IMEI53,3,8,5,8
2023-12-12,IMEI54,5,9,5,3
2023-12-12,IMEI55,10,15,1,8
2023-12-12,IMEI56,9,11,5,2
2023-12-12,IMEI57,5,15,5,1
2023-12-12,IMEI58,4,5,1,5
2023-12-12,IMEI59,6,10,1,4
2023-12-12,IMEI60,10,16,1,5
2023-12-12,IMEI61,6,19,1,5
2023-12-12,IMEI62,2,16,4,4
2023-12-12,IMEI63,4,16,5,3
2023-12-12,IMEI64,10,18,3,0
2023-12-12,IMEI65,1,0,1,2
2023-12-12,IMEI66,0,12,2,5
2023-12-12,IMEI67,1,7,2,1
2023-12-12,IMEI68,10,16,1,2
2023-12-12,IMEI69,10,11,5,4
2023-12-12,IMEI70,9,3,4,7
2023-12-12,IMEI71,8,7,0,2
2023-12-12,IMEI72,7,7,1,7
2023-12-12,IMEI73,7,17,4,7
2023-12-12,IMEI74,1,19,0,5
2023-12-12,IMEI75,5,4,0,5
2023-12-12,IMEI76,9,0,5,1
2023-12-12,IMEI77,4,14,4,1
2023-12-12,IMEI78,7,9,5,8
2023-12-12,IMEI79,2,10,3,0
2023-12-12,IMEI80,5,3,1,3
2023-12-12,IMEI81,3,9,3,6
2023-12-12,IMEI82,8,2,5,6
2023-12-12,IMEI83,2,6,0,0
2023-12-12,IMEI84,0,5,5,3
2023-12-12,IMEI85,0,16,5,6
2023-12-12,IMEI86,8,5,1,5
2023-12-12,IMEI87,9,10,2,8
2023-12-12,IMEI88,7,15,5,3
2023-12-12,IMEI89,4,20,3,6
2023-12-12,IMEI90,7,4,5,0
2023-12-12,IMEI91,9,13,1,5
2023-12-12,IMEI92,8,4,4,7
2023-12-12,IMEI93,0,14,1,5
2023-12-12,IMEI94,10,14,3,5
2023-12-12,IMEI95,2,16,3,0
2023-12-12,IMEI96,6,3,4,0
2023-12-12,IMEI97,7,17,1,7
2023-12-12,IMEI98,1,16,4,0
2023-12-12,IMEI99,3,4,5,1
2023-12-13,IMEI0,4,18,1,1
2023-12-13,IMEI1,10,3,2,8
2023-12-13,IMEI2,5,0,5,8
2023-12-13,IMEI3,8,5,1,6
2023-12-13,IMEI4,5,18,5,5
2023-12-13,IMEI5,3,0,4,5
2023-12-13,IMEI6,3,12,2,6
2023-12-13,IMEI7,5,3,5,8
2023-12-13,IMEI8,10,19,0,5
2023-12-13,IMEI9,6,12,4,1
2023-12-13,IMEI10,7,8,1,0
2023-12-13,IMEI11,5,1,2,7
2023-12-13,IMEI12,10,14,3,5
2023-12-13,IMEI13,4,8,4,0
2023-12-13,IMEI14,4,0,4,8
2023-12-13,IMEI15,0,3,0,3
2023-12-13,IMEI16,3,13,2,2
2023-12-13,IMEI17,2,4,4,1
2023-12-13,IMEI18,1,7,5,7
2023-12-13,IMEI19,7,0,4,8
2023-12-13,IMEI20,10,8,1,5
2023-12-13,IMEI21,4,6,2,2
2023-12-13,IMEI22,6,20,5,1
2023-12-13,IMEI23,9,20,3,3
2023-12-13,IMEI24,9,5,5,1
2023-12-13,IMEI25,5,11,3,4
2023-12-13,IMEI26,7,4,4,6
2023-12-13,IMEI27,3,16,1,8
2023-12-13,IMEI28,5,20,1,4
2023-12-13,IMEI29,10,19,1,6
2023-12-13,IMEI30,1,13,2,4
2023-12-13,IMEI31,4,12,0,5
2023-12-13,IMEI32,10,17,5,6
2023-12-13,IMEI33,7,9,2,1
2023-12-13,IMEI34,2,4,5,0
2023-12-13,IMEI35,4,13,4,6
2023-12-13,IMEI36,0,15,2,6
2023-12-13,IMEI37,9,3,1,3
2023-12-13,IMEI38,4,9,1,4
2023-12-13,IMEI39,3,14,3,1
2023-12-13,IMEI40,6,1,2,8
2023-12-13,IMEI41,0,16,3,3
2023-12-13,IMEI42,5,15,2,0
2023-12-13,IMEI43,3,17,0,8
2023-12-13,IMEI44,8,12,1,4
2023-12-13,IMEI45,3,0,0,1
2023-12-13,IMEI46,9,12,4,5
2023-12-13,IMEI47,6,10,5,6
2023-12-13,IMEI48,2,11,3,6
2023-12-13,IMEI49,2,14,1,6
2023-12-13,IMEI50,3,4,4,1
2023-12-13,IMEI51,5,4,3,1
2023-12-13,IMEI52,8,15,4,1
2023-12-13,IMEI53,10,19,1,0
2023-12-13,IMEI54,7,8,3,6
2023-12-13,IMEI55,1,15,2,3
2023-12-13,IMEI56,3,16,1,0
2023-12-13,IMEI57,10,5,5,0
2023-12-13,IMEI58,9,4,1,2
2023-12-13,IMEI59,2,5,1,0
2023-12-13,IMEI60,3,0,5,1
2023-12-13,IMEI61,2,8,5,1
2023-12-13,IMEI62,2,5,2,4
2023-12-13,IMEI63,3,6,4,8
2023-12-13,IMEI64,7,19,2,3
2023-12-13,IMEI65,4,6,5,3
2023-12-13,IMEI66,1,5,3,5
2023-12-13,IMEI67,10,0,5,6
2023-12-13,IMEI68,8,11,2,3
2023-12-13,IMEI69,3,18,3,4
2023-12-13,IMEI70,6,3,1,8
2023-12-13,IMEI71,1,15,2,6
2023-12-13,IMEI72,3,20,2,0
2023-12-13,IMEI73,1,11,1,6
2023-12-13,IMEI74,2,16,4,4
2023-12-13,IMEI75,9,1,5,6
2023-12-13,IMEI76,6,4,1,7
2023-12-13,IMEI77,5,20,4,7
2023-12-13,IMEI78,10,1,2,5
2023-12-13,IMEI79,5,8,2,7
2023-12-13,IMEI80,0,17,5,1
2023-12-13,IMEI81,2,1,3,6
2023-12-13,IMEI82,8,8,0,8
2023-12-13,IMEI83,1,5,1,5
2023-12-13,IMEI84,7,16,0,8
2023-12-13,IMEI85,2,6,2,8
2023-12-13,IMEI86,3,16,4,6
2023-12-13,IMEI87,0,3,3,5
2023-12-13,IMEI88,7,7,3,3
2023-12-13,IMEI89,7,20,0,0
2023-12-13,IMEI90,2,20,5,0
2023-12-13,IMEI91,0,0,2,5
2023-12-13,IMEI92,2,15,0,5
2023-12-13,IMEI93,0,19,1,5
2023-12-13,IMEI94,2,13,3,3
2023-12-13,IMEI95,9,4,4,2
2023-12-13,IMEI96,2,15,0,5
2023-12-13,IMEI97,9,19,1,4
2023-12-13,IMEI98,1,6,4,5
2023-12-13,IMEI99,3,14,0,7
2023-12-14,IMEI0,5,10,4,8
2023-12-14,IMEI1,1,8,4,5
2023-12-14,IMEI2,10,19,5,5
2023-12-14,IMEI3,7,3,3,3
2023-12-14,IMEI4,2,11,0,1
2023-12-14,IMEI5,6,0,2,0
2023-12-14,IMEI6,10,10,5,5
2023-12-14,IMEI7,8,2,3,3
2023-12-14,IMEI8,5,0,0,7
2023-12-14,IMEI9,4,2,5,6
2023-12-14,IMEI10,2,15,4,7
2023-12-14,IMEI11,6,10,1,0
2023-12-14,IMEI12,2,5,3,7
2023-12-14,IMEI13,3,14,3,1
2023-12-14,IMEI14,9,13,1,5
2023-12-14,IMEI15,8,20,4,3
2023-12-14,IMEI16,6,13,5,6
2023-12-14,IMEI17,5,18,3,2
2023-12-14,IMEI18,2,20,4,7
2023-12-14,IMEI19,0,0,5,5
2023-12-14,IMEI20,10,19,0,1
2023-12-14,IMEI21,7,20,0,8
2023-12-14,IMEI22,5,9,5,3
2023-12-14,IMEI23,4,11,3,1
2023-12-14,IMEI24,2,5,2,2
2023-12-14,IMEI25,6,11,1,0
2023-12-14,IMEI26,8,14,0,5
2023-12-14,IMEI27,5,4,2,7
2023-12-14,IMEI28,7,9,0,6
2023-12-14,IMEI29,0,8,1,0
2023-12-14,IMEI30,1,3,2,6
2023-12-14,IMEI31,1,11,1,7
2023-12-14,IMEI32,0,2,4,3
2023-12-14,IMEI33,7,11,1,5
2023-12-14,IMEI34,1,0,5,2
2023-12-14,IMEI35,1,19,1,5
2023-12-14,IMEI36,5,14,0,6
2023-12-14,IMEI37,6,14,3,7
2023-12-14,IMEI38,1,4,0,4
2023-12-14,IMEI39,9,10,2,5
2023-12-14,IMEI40,4,3,1,7
2023-12-14,IMEI41,7,4,1,3
2023-12-14,IMEI42,7,18,1,2
2023-12-14,IMEI43,3,10,2,2
2023-12-14,IMEI44,9,13,0,7
2023-12-14,IMEI45,8,17,4,7
2023-12-14,IMEI46,3,16,0,8
2023-12-14,IMEI47,6,4,5,3
2023-12-14,IMEI48,2,12,5,8
2023-12-14,IMEI49,9,4,3,7
2023-12-14,IMEI50,9,12,0,2
2023-12-14,IMEI51,8,11,0,4
2023-12-14,IMEI52,9,2,4,1
2023-12-14,IMEI53,3,15,5,0
2023-12-14,IMEI54,2,16,3,2
2023-12-14,IMEI55,10,7,0,7
2023-12-14,IMEI56,5,1,5,0
2023-12-14,IMEI57,0,19,2,4
2023-12-14,IMEI58,9,2,3,0
2023-12-14,IMEI59,10,17,2,3
2023-12-14,IMEI60,1,7,3,2
2023-12-14,IMEI61,0,13,5,5
2023-12-14,IMEI62,3,0,3,1
2023-12-14,IMEI63,9,6,2,7
2023-12-14,IMEI64,0,5,5,7
2023-12-14,IMEI65,6,6,2,1
2023-12-14,IMEI66,7,12,0,6
2023-12-14,IMEI67,0,14,3,6
2023-12-14,IMEI68,0,9,1,8
2023-12-14,IMEI69,7,3,1,6
2023-12-14,IMEI70,7,20,0,7
2023-12-14,IMEI71,5,2,4,0
2023-12-14,IMEI72,5,2,4,7
2023-12-14,IMEI73,6,4,5,7
2023-12-14,IMEI74,8,11,2,8
2023-12-14,IMEI75,9,16,5,2
2023-12-14,IMEI76,1,17,3,6
2023-12-14,IMEI77,5,17,5,7
2023-12-14,IMEI78,10,12,1,6
2023-12-14,IMEI79,9,0,2,2
2023-12-14,IMEI80,10,1,2,6
2023-12-14,IMEI81,5,11,1,3
2023-12-14,IMEI82,6,5,5,1
2023-12-14,IMEI83,8,19,0,0
2023-12-14,IMEI84,5,10,3,4
2023-12-14,IMEI85,0,2,1,3
2023-12-14,IMEI86,1,3,3,8
2023-12-14,IMEI87,3,17,5,1
2023-12-14,IMEI88,4,20,2,1
2023-12-14,IMEI89,5,14,2,4
2023-12-14,IMEI90,9,8,4,8
2023-12-14,IMEI91,4,20,5,4
2023-12-14,IMEI92,4,13,2,8
2023-12-14,IMEI93,4,13,0,5
2023-12-14,IMEI94,8,18,5,7
2023-12-14,IMEI95,4,10,3,5
2023-12-14,IMEI96,4,14,0,2
2023-12-14,IMEI97,9,20,2,0
2023-12-14,IMEI98,2,12,1,6
2023-12-14,IMEI99,6,7,5,1
2023-12-15,IMEI0,6,3,1,6
2023-12-15,IMEI1,6,19,0,8
2023-12-15,IMEI2,10,2,2,1
2023-12-15,IMEI3,5,16,5,7
2023-12-15,IMEI4,1,8,3,1
2023-12-15,IMEI5,2,7,1,4
2023-12-15,IMEI6,4,16,0,7
2023-12-15,IMEI7,5,16,2,6
2023-12-15,IMEI8,9,16,3,6
2023-12-15,IMEI9,5,9,2,8
2023-12-15,IMEI10,9,3,0,3
2023-12-15,IMEI11,0,15,4,7
2023-12-15,IMEI12,4,16,4,7
2023-12-15,IMEI13,3,3,4,0
2023-12-15,IMEI14,3,3,2,7
2023-12-15,IMEI15,10,9,1,0
2023-12-15,IMEI16,4,11,1,4
2023-12-15,IMEI17,3,14,3,2
2023-12-15,IMEI18,3,6,5,3
2023-12-15,IMEI19,10,11,1,7
2023-12-15,IMEI20,1,19,0,1
2023-12-15,IMEI21,2,4,2,4
2023-12-15,IMEI22,8,8,0,4
2023-12-15,IMEI23,4,5,1,5
2023-12-15,IMEI24,7,3,4,5
2023-12-15,IMEI25,10,17,4,7
2023-12-15,IMEI26,9,1,0,8
2023-12-15,IMEI27,9,19,4,2
2023-12-15,IMEI28,7,9,5,0
2023-12-15,IMEI29,9,19,2,0
2023-12-15,IMEI30,0,17,2,4
2023-12-15,IMEI31,9,12,4,7
2023-12-15,IMEI32,4,15,1,0
2023-12-15,IMEI33,5,17,0,4
2023-12-15,IMEI34,2,13,5,0
2023-12-15,IMEI35,9,6,0,6
2023-12-15,IMEI36,0,4,4,0
2023-12-15,IMEI37,0,6,1,0
2023-12-15,IMEI38,10,12,3,1
2023-12-15,IMEI39,3,7,3,2
2023-12-15,IMEI40,4,10,5,5
2023-12-15,IMEI41,10,20,0,8
2023-12-15,IMEI42,1,20,3,8
2023-12-15,IMEI43,1,3,1,4
2023-12-15,IMEI44,8,4,4,2
2023-12-15,IMEI45,0,5,0,7
2023-12-15,IMEI46,6,13,4,3
2023-12-15,IMEI47,3,12,0,8
2023-12-15,IMEI48,9,12,2,4
2023-12-15,IMEI49,2,14,3,6
2023-12-15,IMEI50,2,13,0,2
2023-12-15,IMEI51,3,17,3,6
2023-12-15,IMEI52,3,13,5,7
2023-12-15,IMEI53,3,15,2,2
2023-12-15,IMEI54,10,12,2,5
2023-12-15,IMEI55,1,9,1,1
2023-12-15,IMEI56,2,16,2,8
2023-12-15,IMEI57,1,12,0,8
2023-12-15,IMEI58,3,5,2,6
2023-12-15,IMEI59,7,2,0,6
2023-12-15,IMEI60,4,1,3,3
2023-12-15,IMEI61,10,10,5,5
2023-12-15,IMEI62,3,13,3,1
2023-12-15,IMEI63,2,3,1,7
2023-12-15,IMEI64,5,16,2,2
2023-12-15,IMEI65,4,17,2,8
2023-12-15,IMEI66,0,17,3,6
2023-12-15,IMEI67,8,1,2,4
2023-12-15,IMEI68,3,10,5,0
2023-12-15,IMEI69,4,1,0,5
2023-12-15,IMEI70,1,3,3,3
2023-12-15,IMEI71,10,20,5,6
2023-12-15,IMEI72,8,5,1,6
2023-12-15,IMEI73,3,0,1,6
2023-12-15,IMEI74,7,16,0,1
2023-12-15,IMEI75,6,12,2,0
2023-12-15,IMEI76,9,10,4,0
2023-12-15,IMEI77,0,5,2,2
2023-12-15,IMEI78,5,13,4,4
2023-12-15,IMEI79,8,0,5,3
2023-12-15,IMEI80,0,10,0,5
2023-12-15,IMEI81,3,8,4,5
2023-12-15,IMEI82,5,1,5,6
2023-12-15,IMEI83,4,7,5,4
2023-12-15,IMEI84,7,17,5,6
2023-12-15,IMEI85,10,10,2,3
2023-12-15,IMEI86,5,17,2,6
2023-12-15,IMEI87,1,4,4,4
2023-12-15,IMEI88,8,5,0,0
2023-12-15,IMEI89,3,9,0,6
2023-12-15,IMEI90,2,16,3,5
2023-12-15,IMEI91,2,2,4,3
2023-12-15,IMEI92,8,20,5,6
2023-12-15,IMEI93,8,5,1,1
2023-12-15,IMEI94,6,12,2,1
2023-12-15,IMEI95,10,4,4,5
2023-12-15,IMEI96,2,4,0,7
2023-12-15,IMEI97,7,2,5,8
2023-12-15,IMEI98,0,11,1,3
2023-12-15,IMEI99,9,19,0,0
2023-12-16,IMEI0,9,19,2,0
2023-12-16,IMEI1,10,17,3,6
2023-12-16,IMEI2,6,1,1,1
2023-12-16,IMEI3,0,18,2,3
2023-12-16,IMEI4,8,0,0,2
2023-12-16,IMEI5,5,7,4,3
2023-12-16,IMEI6,5,12,2,1
2023-12-16,IMEI7,10,4,0,7
2023-12-16,IMEI8,5,6,2,8
2023-12-16,IMEI9,0,7,4,3
2023-12-16,IMEI10,8,16,2,1
2023-12-16,IMEI11,1,19,4,4
2023-12-16,IMEI12,8,11,2,5
2023-12-16,IMEI13,8,15,5,0
2023-12-16,IMEI14,0,16,2,0
2023-12-16,IMEI15,3,13,0,5
2023-12-16,IMEI16,1,18,5,1
2023-12-16,IMEI17,2,9,4,1
2023-12-16,IMEI18,10,5,4,7
2023-12-16,IMEI19,4,11,2,0
2023-12-16,IMEI20,9,8,2,4
2023-12-16,IMEI21,9,6,1,8
2023-12-16,IMEI22,0,18,1,3
2023-12-16,IMEI23,1,8,5,5
2023-12-16,IMEI24,6,5,2,5
2023-12-16,IMEI25,1,14,2,7
2023-12-16,IMEI26,10,11,4,0
2023-12-16,IMEI27,4,9,0,1
2023-12-16,IMEI28,8,1,1,3
2023-12-16,IMEI29,6,18,1,0
2023-12-16,IMEI30,10,15,1,7
2023-12-16,IMEI31,1,1,1,0
2023-12-16,IMEI32,4,20,5,5
2023-12-16,IMEI33,2,14,0,1
2023-12-16,IMEI34,0,19,1,1
2023-12-16,IMEI35,5,16,3,8
2023-12-16,IMEI36,7,20,3,8
2023-12-16,IMEI37,4,8,2,2
2023-12-16,IMEI38,3,9,0,6
2023-12-16,IMEI39,7,15,4,2
2023-12-16,IMEI40,0,15,4,0
2023-12-16,IMEI41,1,6,4,7
2023-12-16,IMEI42,1,9,1,2
2023-12-16,IMEI43,9,0,5,5
2023-12-16,IMEI44,1,20,1,8
2023-12-16,IMEI45,0,7,0,6
2023-12-16,IMEI46,9,8,5,7
2023-12-16,IMEI47,2,13,0,0
2023-12-16,IMEI48,5,0,0,5
2023-12-16,IMEI49,6,6,5,2
2023-12-16,IMEI50,2,4,1,8
2023-12-16,IMEI51,6,19,3,1
2023-12-16,IMEI52,5,20,4,2
2023-12-16,IMEI53,7,0,5,3
2023-12-16,IMEI54,3,1,5,2
2023-12-16,IMEI55,6,7,0,4
2023-12-16,IMEI56,3,9,4,7
2023-12-16,IMEI57,2,14,3,4
2023-12-16,IMEI58,8,14,2,2
2023-12-16,IMEI59,0,13,1,4
2023-12-16,IMEI60,9,9,0,4
2023-12-16,IMEI61,4,4,2,6
2023-12-16,IMEI62,0,11,2,2
2023-12-16,IMEI63,8,6,3,5
2023-12-16,IMEI64,1,3,0,2
2023-12-16,IMEI65,5,13,4,2
2023-12-16,IMEI66,9,16,3,2
2023-12-16,IMEI67,0,4,2,3
2023-12-16,IMEI68,7,5,0,2
2023-12-16,IMEI69,0,4,2,2
2023-12-16,IMEI70,10,11,1,0
2023-12-16,IMEI71,9,20,4,7
2023-12-16,IMEI72,0,0,5,0
2023-12-16,IMEI73,1,3,0,5
2023-12-16,IMEI74,1,12,3,0
2023-12-16,IMEI75,9,19,0,1
2023-12-16,IMEI76,5,17,1,2
2023-12-16,IMEI77,3,14,3,7
2023-12-16,IMEI78,1,0,4,0
2023-12-16,IMEI79,2,10,1,7
2023-12-16,IMEI80,1,15,2,4
2023-12-16,IMEI81,4,4,1,2
2023-12-16,IMEI82,9,20,5,8
2023-12-16,IMEI83,1,8,1,1
2023-12-16,IMEI84,2,8,5,6
2023-12-16,IMEI85,9,5,4,0
2023-12-16,IMEI86,2,19,1,8
2023-12-16,IMEI87,3,10,4,8
2023-12-16,IMEI88,4,17,4,1
2023-12-16,IMEI89,2,15,1,4
2023-12-16,IMEI90,8,18,1,8
2023-12-16,IMEI91,10,6,3,6
2023-12-16,IMEI92,9,6,3,7
2023-12-16,IMEI93,6,11,5,7
2023-12-16,IMEI94,5,10,0,3
2023-12-16,IMEI95,2,10,1,8
2023-12-16,IMEI96,7,5,5,7
2023-12-16,IMEI97,7,1,5,5
2023-12-16,IMEI98,4,12,4,1
2023-12-16,IMEI99,10,7,2,6
2023-12-17,IMEI0,7,12,1,1
2023-12-17,IMEI1,0,9,4,4
2023-12-17,IMEI2,5,5,5,2
2023-12-17,IMEI3,5,11,3,4
2023-12-17,IMEI4,6,14,0,5
2023-12-17,IMEI5,5,4,4,4
2023-12-17,IMEI6,3,6,3,8
2023-12-17,IMEI7,2,7,0,8
2023-12-17,IMEI8,10,11,0,0
2023-12-17,IMEI9,10,10,1,5
2023-12-17,IMEI10,3,18,4,2
2023-12-17,IMEI11,6,5,1,4
2023-12-17,IMEI12,6,8,1,6
2023-12-17,IMEI13,2,14,2,4
2023-12-17,IMEI14,5,0,2,4
2023-12-17,IMEI15,3,20,3,2
2023-12-17,IMEI16,6,16,5,5
2023-12-17,IMEI17,2,17,3,7
2023-12-17,IMEI18,9,17,1,4
2023-12-17,IMEI19,8,0,4,5
2023-12-17,IMEI20,7,18,1,6
2023-12-17,IMEI21,7,12,1,7
2023-12-17,IMEI22,8,10,5,2
2023-12-17,IMEI23,6,7,2,3
2023-12-17,IMEI24,0,15,1,5
2023-12-17,IMEI25,3,20,4,7
2023-12-17,IMEI26,4,2,2,6
2023-12-17,IMEI27,1,0,5,4
2023-12-17,IMEI28,10,15,5,3
2023-12-17,IMEI29,1,2,4,4
2023-12-17,IMEI30,8,2,1,1
2023-12-17,IMEI31,0,7,3,7
2023-12-17,IMEI32,3,9,2,7
2023-12-17,IMEI33,7,0,3,0
2023-12-17,IMEI34,5,2,1,4
2023-12-17,IMEI35,10,0,4,4
2023-12-17,IMEI36,5,3,0,6
2023-12-17,IMEI37,1,14,3,2
2023-12-17,IMEI38,3,0,5,4
2023-12-17,IMEI39,4,0,1,4
2023-12-17,IMEI40,4,19,2,3
2023-12-17,IMEI41,5,10,5,6
2023-12-17,IMEI42,1,19,4,5
2023-12-17,IMEI43,9,14,4,4
2023-12-17,IMEI44,0,4,2,2
2023-12-17,IMEI45,10,5,4,4
2023-12-17,IMEI46,9,8,1,6
2023-12-17,IMEI47,3,9,5,0
2023-12-17,IMEI48,8,19,3,5
2023-12-17,IMEI49,4,8,5,5
2023-12-17,IMEI50,1,10,0,2
2023-12-17,IMEI51,8,9,5,7
2023-12-17,IMEI52,0,17,0,3
2023-12-17,IMEI53,10,13,5,6
2023-12-17,IMEI54,3,7,3,2
2023-12-17,IMEI55,4,7,3,1
2023-12-17,IMEI56,6,2,1,5
2023-12-17,IMEI57,3,13,5,2
2023-12-17,IMEI58,7,9,3,8
2023-12-17,IMEI59,10,9,2,3
2023-12-17,IMEI60,0,20,5,2
2023-12-17,IMEI61,4,11,3,5
2023-12-17,IMEI62,4,0,1,4
2023-12-17,IMEI63,4,8,5,8
2023-12-17,IMEI64,10,17,4,4
2023-12-17,IMEI65,2,14,5,7
2023-12-17,IMEI66,8,1,5,4
2023-12-17,IMEI67,6,1,5,3
2023-12-17,IMEI68,9,16,3,8
2023-12-17,IMEI69,6,18,4,6
2023-12-17,IMEI70,1,6,1,6
2023-12-17,IMEI71,2,16,0,1
2023-12-17,IMEI72,1,12,0,3
2023-12-17,IMEI73,0,10,4,4
2023-12-17,IMEI74,3,12,4,4
2023-12-17,IMEI75,2,14,2,3
2023-12-17,IMEI76,6,5,1,3
2023-12-17,IMEI77,2,2,5,4
2023-12-17,IMEI78,9,3,1,1
2023-12-17,IMEI79,8,17,1,2
2023-12-17,IMEI80,0,2,4,1
2023-12-17,IMEI81,1,6,2,0
2023-12-17,IMEI82,7,12,1,1
2023-12-17,IMEI83,9,14,3,2
2023-12-17,IMEI84,10,3,2,8
2023-12-17,IMEI85,0,10,2,1
2023-12-17,IMEI86,2,12,3,5
2023-12-17,IMEI87,5,3,1,3
2023-12-17,IMEI88,2,11,3,5
2023-12-17,IMEI89,10,7,1,1
2023-12-17,IMEI90,5,14,3,2
2023-12-17,IMEI91,5,4,0,2
2023-12-17,IMEI92,6,16,2,5
2023-12-17,IMEI93,7,4,1,0
2023-12-17,IMEI94,6,11,1,2
2023-12-17,IMEI95,2,20,3,4
2023-12-17,IMEI96,0,7,5,7
2023-12-17,IMEI97,10,18,0,4
2023-12-17,IMEI98,10,3,3,5
2023-12-17,IMEI99,10,12,0,1
2023-12-18,IMEI0,0,0,3,8
2023-12-18,IMEI1,5,14,3,2
2023-12-18,IMEI2,4,0,5,4
2023-12-18,IMEI3,7,0,0,1
2023-12-18,IMEI4,1,0,4,3
2023-12-18,IMEI5,8,20,3,6
2023-12-18,IMEI6,5,7,1,3
2023-12-18,IMEI7,6,12,2,5
2023-12-18,IMEI8,7,12,3,2
2023-12-18,IMEI9,7,13,0,4
2023-12-18,IMEI10,7,5,5,5
2023-12-18,IMEI11,7,18,4,2
2023-12-18,IMEI12,6,8,5,5
2023-12-18,IMEI13,7,19,5,5
2023-12-18,IMEI14,0,11,0,6
2023-12-18,IMEI15,7,15,2,2
2023-12-18,IMEI16,0,11,4,0
2023-12-18,IMEI17,10,11,1,2
2023-12-18,IMEI18,1,4,4,2
2023-12-18,IMEI19,7,7,4,0
2023-12-18,IMEI20,0,14,2,6
2023-12-18,IMEI21,0,19,5,7
2023-12-18,IMEI22,7,11,2,7
2023-12-18,IMEI23,1,15,3,7
2023-12-18,IMEI24,0,20,5,3
2023-12-18,IMEI25,9,14,1,1
2023-12-18,IMEI26,4,16,2,8
2023-12-18,IMEI27,5,3,3,5
2023-12-18,IMEI28,1,0,2,6
2023-12-18,IMEI29,4,2,4,6
2023-12-18,IMEI30,10,6,1,5
2023-12-18,IMEI31,10,17,5,2
2023-12-18,IMEI32,6,15,3,8
2023-12-18,IMEI33,5,5,1,2
2023-12-18,IMEI34,3,14,3,8
2023-12-18,IMEI35,8,12,4,4
2023-12-18,IMEI36,4,14,4,3
2023-12-18,IMEI37,9,4,0,5
2023-12-18,IMEI38,2,8,1,2
2023-12-18,IMEI39,3,6,4,7
2023-12-18,IMEI40,5,12,0,2
2023-12-18,IMEI41,6,13,5,8
2023-12-18,IMEI42,10,12,0,0
2023-12-18,IMEI43,5,10,4,1
2023-12-18,IMEI44,0,2,0,7
2023-12-18,IMEI45,9,19,1,2
2023-12-18,IMEI46,10,4,0,5
2023-12-18,IMEI47,6,5,4,0
2023-12-18,IMEI48,3,6,2,1
2023-12-18,IMEI49,6,17,0,7
2023-12-18,IMEI50,8,1,5,7
2023-12-18,IMEI51,6,3,5,5
2023-12-18,IMEI52,4,16,2,7
2023-12-18,IMEI53,3,18,4,8
2023-12-18,IMEI54,0,18,2,4
2023-12-18,IMEI55,9,20,5,2
2023-12-18,IMEI56,3,5,5,8
2023-12-18,IMEI57,10,14,3,2
2023-12-18,IMEI58,2,9,5,7
2023-12-18,IMEI59,10,5,2,7
2023-12-18,IMEI60,7,10,5,8
2023-12-18,IMEI61,2,17,3,1
2023-12-18,IMEI62,1,15,4,5
2023-12-18,IMEI63,9,17,2,1
2023-12-18,IMEI64,8,0,5,5
2023-12-18,IMEI65,10,11,2,2
2023-12-18,IMEI66,4,14,4,3
2023-12-18,IMEI67,6,8,5,5
2023-12-18,IMEI68,9,13,2,3
2023-12-18,IMEI69,9,5,4,5
2023-12-18,IMEI70,10,5,1,5
2023-12-18,IMEI71,3,3,4,4
2023-12-18,IMEI72,4,2,4,6
2023-12-18,IMEI73,8,19,0,6
2023-12-18,IMEI74,2,9,0,3
2023-12-18,IMEI75,5,17,5,4
2023-12-18,IMEI76,1,13,0,1
2023-12-18,IMEI77,9,17,2,2
2023-12-18,IMEI78,6,5,2,6
2023-12-18,IMEI79,10,18,1,3
2023-12-18,IMEI80,8,10,1,6
2023-12-18,IMEI81,5,8,2,6
2023-12-18,IMEI82,0,18,2,7
2023-12-18,IMEI83,3,2,3,5
2023-12-18,IMEI84,9,11,4,0
2023-12-18,IMEI85,5,19,2,0
2023-12-18,IMEI86,7,17,2,6
2023-12-18,IMEI87,2,6,5,1
2023-12-18,IMEI88,0,0,3,4
2023-12-18,IMEI89,6,13,2,8
2023-12-18,IMEI90,4,9,4,2
2023-12-18,IMEI91,2,3,2,0
2023-12-18,IMEI92,4,5,2,2
2023-12-18,IMEI93,2,13,3,0
2023-12-18,IMEI94,9,20,4,4
2023-12-18,IMEI95,10,9,2,8
2023-12-18,IMEI96,2,19,5,4
2023-12-18,IMEI97,7,15,4,3
2023-12-18,IMEI98,2,2,5,6
2023-12-18,IMEI99,9,4,2,7
2023-12-19,IMEI0,10,3,4,6
2023-12-19,IMEI1,8,11,5,7
2023-12-19,IMEI2,2,7,1,5
2023-12-19,IMEI3,2,13,3,3
2023-12-19,IMEI4,2,7,5,7
2023-12-19,IMEI5,3,10,1,5
2023-12-19,IMEI6,0,9,4,6
2023-12-19,IMEI7,10,8,5,5
2023-12-19,IMEI8,7,12,4,2
2023-12-19,IMEI9,4,5,0,0
2023-12-19,IMEI10,0,7,1,5
2023-12-19,IMEI11,0,16,3,7
2023-12-19,IMEI12,7,6,1,1
2023-12-19,IMEI13,0,10,0,1
2023-12-19,IMEI14,8,7,2,7
2023-12-19,IMEI15,1,16,4,8
2023-12-19,IMEI16,9,18,2,3
2023-12-19,IMEI17,0,17,2,6
2023-12-19,IMEI18,5,6,5,4
2023-12-19,IMEI19,10,13,4,6
2023-12-19,IMEI20,3,6,5,3
2023-12-19,IMEI21,4,8,2,5
2023-12-19,IMEI22,2,7,0,0
2023-12-19,IMEI23,6,14,0,6
2023-12-19,IMEI24,5,16,4,5
2023-12-19,IMEI25,4,6,4,4
2023-12-19,IMEI26,1,6,2,1
2023-12-19,IMEI27,6,1,1,2
2023-12-19,IMEI28,4,12,5,8
2023-12-19,IMEI29,0,16,0,3
2023-12-19,IMEI30,9,0,3,1
2023-12-19,IMEI31,9,6,4,8
2023-12-19,IMEI32,0,14,1,1
2023-12-19,IMEI33,1,16,1,1
2023-12-19,IMEI34,9,2,2,8
2023-12-19,IMEI35,6,13,0,0
2023-12-19,IMEI36,10,0,4,3
2023-12-19,IMEI37,8,3,3,2
2023-12-19,IMEI38,8,10,5,1
2023-12-19,IMEI39,8,16,3,3
2023-12-19,IMEI40,4,18,1,2
2023-12-19,IMEI41,7,11,4,1
2023-12-19,IMEI42,1,8,0,8
2023-12-19,IMEI43,10,15,1,6
2023-12-19,IMEI44,4,14,1,7
2023-12-19,IMEI45,10,12,3,2
2023-12-19,IMEI46,10,12,3,7
2023-12-19,IMEI47,6,4,0,6
2023-12-19,IMEI48,2,19,5,1
2023-12-19,IMEI49,6,6,1,0
2023-12-19,IMEI50,3,3,3,2
2023-12-19,IMEI51,8,6,1,1
2023-12-19,IMEI52,4,2,1,3
2023-12-19,IMEI53,8,1,1,0
2023-12-19,IMEI54,2,13,5,3
2023-12-19,IMEI55,2,11,1,1
2023-12-19,IMEI56,5,4,4,2
2023-12-19,IMEI57,3,0,2,0
2023-12-19,IMEI58,8,13,4,0
2023-12-19,IMEI59,2,17,0,0
2023-12-19,IMEI60,5,8,5,0
2023-12-19,IMEI61,9,16,3,6
2023-12-19,IMEI62,10,2,1,0
2023-12-19,IMEI63,5,5,0,8
2023-12-19,IMEI64,4,6,1,7
2023-12-19,IMEI65,10,2,0,1
2023-12-19,IMEI66,2,8,2,0
2023-12-19,IMEI67,5,10,1,8
2023-12-19,IMEI68,6,11,1,8
2023-12-19,IMEI69,5,7,4,3
2023-12-19,IMEI70,2,19,4,3
2023-12-19,IMEI71,9,6,5,8
2023-12-19,IMEI72,10,9,0,6
2023-12-19,IMEI73,2,15,4,5
2023-12-19,IMEI74,9,19,3,2
2023-12-19,IMEI75,2,1,4,5
2023-12-19,IMEI76,3,4,1,6
2023-12-19,IMEI77,0,1,4,7
2023-12-19,IMEI78,5,3,2,3
2023-12-19,IMEI79,9,6,4,3
2023-12-19,IMEI80,0,20,3,4
2023-12-19,IMEI81,0,14,4,5
2023-12-19,IMEI82,5,2,0,2
2023-12-19,IMEI83,1,8,2,4
2023-12-19,IMEI84,7,8,2,8
2023-12-19,IMEI85,4,17,2,6
2023-12-19,IMEI86,9,0,5,1
2023-12-19,IMEI87,7,7,2,5
2023-12-19,IMEI88,4,13,0,2
2023-12-19,IMEI89,1,8,5,8
2023-12-19,IMEI90,1,15,4,8
2023-12-19,IMEI91,7,0,2,7
2023-12-19,IMEI92,1,13,0,8
2023-12-19,IMEI93,4,13,1,1
2023-12-19,IMEI94,7,0,4,7
2023-12-19,IMEI95,2,16,1,3
2023-12-19,IMEI96,9,4,2,1
2023-12-19,IMEI97,3,4,3,4
2023-12-19,IMEI98,8,11,0,8
2023-12-19,IMEI99,2,3,5,5
2023-12-20,IMEI0,8,13,2,8
2023-12-20,IMEI1,1,9,3,7
2023-12-20,IMEI2,7,3,1,5
2023-12-20,IMEI3,1,1,0,3
2023-12-20,IMEI4,7,7,4,2
2023-12-20,IMEI5,10,13,4,7
2023-12-20,IMEI6,0,17,4,1
2023-12-20,IMEI7,3,20,3,7
2023-12-20,IMEI8,7,15,4,8
2023-12-20,IMEI9,6,10,2,6
2023-12-20,IMEI10,10,0,3,1
2023-12-20,IMEI11,4,3,4,1
2023-12-20,IMEI12,9,4,4,0
2023-12-20,IMEI13,2,2,4,7
2023-12-20,IMEI14,9,0,1,2
2023-12-20,IMEI15,6,6,4,7
2023-12-20,IMEI16,9,4,0,2
2023-12-20,IMEI17,2,2,2,2
2023-12-20,IMEI18,0,3,3,2
2023-12-20,IMEI19,7,20,3,7
2023-12-20,IMEI20,2,19,3,6
2023-12-20,IMEI21,4,0,4,7
2023-12-20,IMEI22,6,18,5,0
2023-12-20,IMEI23,3,5,0,7
2023-12-20,IMEI24,7,14,1,4
2023-12-20,IMEI25,1,12,1,0
2023-12-20,IMEI26,7,5,2,7
2023-12-20,IMEI27,2,7,3,7
2023-12-20,IMEI28,10,12,4,5
2023-12-20,IMEI29,6,12,0,6
2023-12-20,IMEI30,2,8,5,1
2023-12-20,IMEI31,7,0,0,4
2023-12-20,IMEI32,8,3,2,7
2023-12-20,IMEI33,2,15,2,6
2023-12-20,IMEI34,6,1,0,2
2023-12-20,IMEI35,3,1,5,7
2023-12-20,IMEI36,0,13,5,7
2023-12-20,IMEI37,2,13,1,3
2023-12-20,IMEI38,8,12,0,0
2023-12-20,IMEI39,0,15,2,7
2023-12-20,IMEI40,3,2,1,8
2023-12-20,IMEI41,2,9,2,0
2023-12-20,IMEI42,9,13,1,4
2023-12-20,IMEI43,8,12,3,4
2023-12-20,IMEI44,10,1,1,0
2023-12-20,IMEI45,0,16,3,4
2023-12-20,IMEI46,10,8,3,1
2023-12-20,IMEI47,9,1,4,0
2023-12-20,IMEI48,9,13,0,1
2023-12-20,IMEI49,2,13,4,2
2023-12-20,IMEI50,2,11,4,4
2023-12-20,IMEI51,10,19,0,8
2023-12-20,IMEI52,9,15,5,8
2023-12-20,IMEI53,2,11,2,7
2023-12-20,IMEI54,8,12,0,4
2023-12-20,IMEI55,6,18,3,8
2023-12-20,IMEI56,5,16,1,3
2023-12-20,IMEI57,10,12,1,5
2023-12-20,IMEI58,10,13,4,7
2023-12-20,IMEI59,1,4,5,6
2023-12-20,IMEI60,1,7,2,2
2023-12-20,IMEI61,1,2,3,3
2023-12-20,IMEI62,9,0,1,6
2023-12-20,IMEI63,1,2,4,0
2023-12-20,IMEI64,2,20,1,3
2023-12-20,IMEI65,3,6,1,4
2023-12-20,IMEI66,4,18,2,3
2023-12-20,IMEI67,5,10,5,7
2023-12-20,IMEI68,7,11,4,8
2023-12-20,IMEI69,4,16,2,3
2023-12-20,IMEI70,10,6,4,7
2023-12-20,IMEI71,2,8,0,8
2023-12-20,IMEI72,7,16,2,0
2023-12-20,IMEI73,2,1,3,1
2023-12-20,IMEI74,3,6,3,7
2023-12-20,IMEI75,5,14,5,3
2023-12-20,IMEI76,10,6,0,4
2023-12-20,IMEI77,1,15,5,6
2023-12-20,IMEI78,10,20,4,3
2023-12-20,IMEI79,5,5,3,8
2023-12-20,IMEI80,10,12,2,0
2023-12-20,IMEI81,0,0,3,1
2023-12-20,IMEI82,0,10,2,6
2023-12-20,IMEI83,10,16,3,5
2023-12-20,IMEI84,7,11,1,5
2023-12-20,IMEI85,8,18,3,4
2023-12-20,IMEI86,1,0,4,6
2023-12-20,IMEI87,0,20,1,5
2023-12-20,IMEI88,9,11,5,1
2023-12-20,IMEI89,6,5,2,1
2023-12-20,IMEI90,7,7,4,1
2023-12-20,IMEI91,0,17,3,0
2023-12-20,IMEI92,3,8,1,5
2023-12-20,IMEI93,9,17,4,2
2023-12-20,IMEI94,5,3,3,0
2023-12-20,IMEI95,4,9,4,5
2023-12-20,IMEI96,4,20,2,6
2023-12-20,IMEI97,2,4,5,2
2023-12-20,IMEI98,0,13,1,3
2023-12-20,IMEI99,2,6,1,3
2023-12-21,IMEI0,6,20,4,2
2023-12-21,IMEI1,8,2,2,2
2023-12-21,IMEI2,5,5,2,7
2023-12-21,IMEI3,6,14,3,8
2023-12-21,IMEI4,1,12,5,1
2023-12-21,IMEI5,6,17,0,5
2023-12-21,IMEI6,4,10,3,8
2023-12-21,IMEI7,2,15,5,3
2023-12-21,IMEI8,0,7,5,3
2023-12-21,IMEI9,4,3,2,5
2023-12-21,IMEI10,3,10,3,5
2023-12-21,IMEI11,6,8,3,5
2023-12-21,IMEI12,6,7,1,0
2023-12-21,IMEI13,6,15,5,0
2023-12-21,IMEI14,5,3,1,3
2023-12-21,IMEI15,2,14,5,5
2023-12-21,IMEI16,7,3,5,4
2023-12-21,IMEI17,4,9,0,0
2023-12-21,IMEI18,8,6,5,4
2023-12-21,IMEI19,1,15,1,7
2023-12-21,IMEI20,9,15,3,8
2023-12-21,IMEI21,7,9,0,8
2023-12-21,IMEI22,7,15,4,5
2023-12-21,IMEI23,7,20,4,8
2023-12-21,IMEI24,2,17,4,8
2023-12-21,IMEI25,8,20,5,0
2023-12-21,IMEI26,8,7,2,8
2023-12-21,IMEI27,10,16,5,1
2023-12-21,IMEI28,9,17,3,5
2023-12-21,IMEI29,6,1,3,7
2023-12-21,IMEI30,0,4,2,4
2023-12-21,IMEI31,3,16,3,3
2023-12-21,IMEI32,9,15,3,7
2023-12-21,IMEI33,2,15,2,0
2023-12-21,IMEI34,6,6,1,8
2023-12-21,IMEI35,2,0,0,2
2023-12-21,IMEI36,5,17,4,2
2023-12-21,IMEI37,10,16,1,7
2023-12-21,IMEI38,2,12,2,0
2023-12-21,IMEI39,4,0,0,3
2023-12-21,IMEI40,1,9,3,1
2023-12-21,IMEI41,6,16,3,5
2023-12-21,IMEI42,6,18,4,8
2023-12-21,IMEI43,10,7,0,4
2023-12-21,IMEI44,0,4,2,5
2023-12-21,IMEI45,3,17,3,5
2023-12-21,IMEI46,9,17,4,8
2023-12-21,IMEI47,1,16,1,1
2023-12-21,IMEI48,4,8,1,4
2023-12-21,IMEI49,0,6,5,7
2023-12-21,IMEI50,9,5,3,6
2023-12-21,IMEI51,6,11,0,2
2023-12-21,IMEI52,0,19,1,0
2023-12-21,IMEI53,8,0,4,4
2023-12-21,IMEI54,6,19,3,2
2023-12-21,IMEI55,8,7,0,3
2023-12-21,IMEI56,4,2,0,0
2023-12-21,IMEI57,2,9,2,7
2023-12-21,IMEI58,7,0,1,2
2023-12-21,IMEI59,10,14,5,1
2023-12-21,IMEI60,6,1,0,8
2023-12-21,IMEI61,0,8,2,8
2023-12-21,IMEI62,9,13,3,2
2023-12-21,IMEI63,1,16,0,5
2023-12-21,IMEI64,0,0,2,4
2023-12-21,IMEI65,9,19,1,3
2023-12-21,IMEI66,1,6,4,6
2023-12-21,IMEI67,0,1,0,2
2023-12-21,IMEI68,1,19,2,3
2023-12-21,IMEI69,2,7,1,3
2023-12-21,IMEI70,8,12,1,1
2023-12-21,IMEI71,9,13,2,0
2023-12-21,IMEI72,9,7,4,3
2023-12-21,IMEI73,3,19,0,5
2023-12-21,IMEI74,8,8,1,5
2023-12-21,IMEI75,6,14,3,6
2023-12-21,IMEI76,6,8,1,8
2023-12-21,IMEI77,7,19,1,2
2023-12-21,IMEI78,2,8,5,0
2023-12-21,IMEI79,8,3,0,3
2023-12-21,IMEI80,5,4,0,2
2023-12-21,IMEI81,4,18,4,2
2023-12-21,IMEI82,7,11,4,3
2023-12-21,IMEI83,6,10,2,7
2023-12-21,IMEI84,6,13,1,1
2023-12-21,IMEI85,7,10,0,4
2023-12-21,IMEI86,1,1,2,7
2023-12-21,IMEI87,2,5,1,1
2023-12-21,IMEI88,0,7,3,8
2023-12-21,IMEI89,6,15,5,5
2023-12-21,IMEI90,3,20,1,0
2023-12-21,IMEI91,6,18,5,2
2023-12-21,IMEI92,1,13,3,8
2023-12-21,IMEI93,3,11,1,8
2023-12-21,IMEI94,3,11,0,0
2023-12-21,IMEI95,7,16,2,6
2023-12-21,IMEI96,0,10,3,8
2023-12-21,IMEI97,0,10,0,8
2023-12-21,IMEI98,4,9,5,4
2023-12-21,IMEI99,9,19,3,8
2023-12-22,IMEI0,5,10,4,7
2023-12-22,IMEI1,10,12,2,1
2023-12-22,IMEI2,1,0,0,1
2023-12-22,IMEI3,9,4,3,8
2023-12-22,IMEI4,2,20,1,4
2023-12-22,IMEI5,3,14,0,3
2023-12-22,IMEI6,3,1,5,6
2023-12-22,IMEI7,5,12,1,4
2023-12-22,IMEI8,8,0,1,5
2023-12-22,IMEI9,8,11,5,3
2023-12-22,IMEI10,8,0,4,8
2023-12-22,IMEI11,3,16,4,5
2023-12-22,IMEI12,9,20,5,3
2023-12-22,IMEI13,4,16,1,0
2023-12-22,IMEI14,1,0,4,3
2023-12-22,IMEI15,9,13,5,6
2023-12-22,IMEI16,7,1,0,8
2023-12-22,IMEI17,3,12,2,3
2023-12-22,IMEI18,4,13,2,6
2023-12-22,IMEI19,0,4,4,2
2023-12-22,IMEI20,0,1,0,4
2023-12-22,IMEI21,10,2,4,4
2023-12-22,IMEI22,10,3,5,6
2023-12-22,IMEI23,2,1,0,6
2023-12-22,IMEI24,5,10,0,3
2023-12-22,IMEI25,10,1,1,1
2023-12-22,IMEI26,7,1,2,8
2023-12-22,IMEI27,8,1,1,6
2023-12-22,IMEI28,5,0,2,1
2023-12-22,IMEI29,6,3,1,4
2023-12-22,IMEI30,6,15,5,6
2023-12-22,IMEI31,7,16,5,1
2023-12-22,IMEI32,5,19,1,2
2023-12-22,IMEI33,6,6,3,4
2023-12-22,IMEI34,1,19,0,3
2023-12-22,IMEI35,5,0,0,7
2023-12-22,IMEI36,6,0,5,7
2023-12-22,IMEI37,1,12,5,0
2023-12-22,IMEI38,0,10,4,4
2023-12-22,IMEI39,2,4,2,4
2023-12-22,IMEI40,10,15,1,8
2023-12-22,IMEI41,4,8,3,3
2023-12-22,IMEI42,4,13,2,1
2023-12-22,IMEI43,10,20,2,8
2023-12-22,IMEI44,6,17,3,4
2023-12-22,IMEI45,10,8,4,1
2023-12-22,IMEI46,4,1,5,3
2023-12-22,IMEI47,2,18,1,6
2023-12-22,IMEI48,1,14,1,1
2023-12-22,IMEI49,3,10,0,2
2023-12-22,IMEI50,8,20,3,5
2023-12-22,IMEI51,5,19,2,0
2023-12-22,IMEI52,8,12,0,2
2023-12-22,IMEI53,8,0,3,4
2023-12-22,IMEI54,8,3,0,4
2023-12-22,IMEI55,3,3,2,3
2023-12-22,IMEI56,0,10,0,8
2023-12-22,IMEI57,10,7,1,0
2023-12-22,IMEI58,9,9,2,5
2023-12-22,IMEI59,7,11,3,6
2023-12-22,IMEI60,7,12,2,4
2023-12-22,IMEI61,5,4,4,5
2023-12-22,IMEI62,4,18,3,6
2023-12-22,IMEI63,5,2,2,6
2023-12-22,IMEI64,5,17,5,2
2023-12-22,IMEI65,5,19,3,7
2023-12-22,IMEI66,4,20,1,7
2023-12-22,IMEI67,8,19,2,7
2023-12-22,IMEI68,5,14,2,0
2023-12-22,IMEI69,7,4,0,1
2023-12-22,IMEI70,8,3,2,4
2023-12-22,IMEI71,4,17,1,3
2023-12-22,IMEI72,10,16,0,6
2023-12-22,IMEI73,4,20,2,0
2023-12-22,IMEI74,4,13,1,4
2023-12-22,IMEI75,8,13,3,7
2023-12-22,IMEI76,8,4,1,0
2023-12-22,IMEI77,7,15,1,6
2023-12-22,IMEI78,9,7,5,8
2023-12-22,IMEI79,7,4,5,5
2023-12-22,IMEI80,6,5,4,8
2023-12-22,IMEI81,0,18,3,6
2023-12-22,IMEI82,3,9,1,5
2023-12-22,IMEI83,7,18,3,5
2023-12-22,IMEI84,3,9,3,8
2023-12-22,IMEI85,6,5,5,8
2023-12-22,IMEI86,2,20,1,2
2023-12-22,IMEI87,10,16,0,5
2023-12-22,IMEI88,3,7,5,3
2023-12-22,IMEI89,1,17,0,4
2023-12-22,IMEI90,0,3,1,3
2023-12-22,IMEI91,2,20,2,7
2023-12-22,IMEI92,10,10,2,5
2023-12-22,IMEI93,2,15,4,4
2023-12-22,IMEI94,4,8,1,6
2023-12-22,IMEI95,1,2,4,7
2023-12-22,IMEI96,7,1,1,1
2023-12-22,IMEI97,6,0,5,6
2023-12-22,IMEI98,4,13,4,5
2023-12-22,IMEI99,2,20,1,7
2023-12-23,IMEI0,10,2,0,6
2023-12-23,IMEI1,7,4,2,8
2023-12-23,IMEI2,1,10,4,8
2023-12-23,IMEI3,0,19,5,2
2023-12-23,IMEI4,7,4,1,0
2023-12-23,IMEI5,6,13,3,5
2023-12-23,IMEI6,10,15,3,3
2023-12-23,IMEI7,7,20,1,8
2023-12-23,IMEI8,0,15,2,3
2023-12-23,IMEI9,6,8,2,7
2023-12-23,IMEI10,7,18,3,0
2023-12-23,IMEI11,6,1,1,5
2023-12-23,IMEI12,4,1,2,8
2023-12-23,IMEI13,0,15,3,3
2023-12-23,IMEI14,7,3,3,6
2023-12-23,IMEI15,3,14,5,6
2023-12-23,IMEI16,0,19,5,4
2023-12-23,IMEI17,1,9,2,0
2023-12-23,IMEI18,7,3,0,6
2023-12-23,IMEI19,3,17,2,3
2023-12-23,IMEI20,10,8,3,2
2023-12-23,IMEI21,8,11,4,3
2023-12-23,IMEI22,7,2,0,0
2023-12-23,IMEI23,0,9,5,6
2023-12-23,IMEI24,7,11,0,8
2023-12-23,IMEI25,3,2,4,1
2023-12-23,IMEI26,8,10,1,8
2023-12-23,IMEI27,8,1,3,8
2023-12-23,IMEI28,10,13,3,0
2023-12-23,IMEI29,10,5,2,2
2023-12-23,IMEI30,5,8,0,5
2023-12-23,IMEI31,10,9,4,1
2023-12-23,IMEI32,5,18,0,4
2023-12-23,IMEI33,4,12,4,7
2023-12-23,IMEI34,0,10,5,2
2023-12-23,IMEI35,4,2,0,0
2023-12-23,IMEI36,5,19,3,4
2023-12-23,IMEI37,7,10,0,2
2023-12-23,IMEI38,9,19,0,8
2023-12-23,IMEI39,1,19,1,8
2023-12-23,IMEI40,8,8,4,2
2023-12-23,IMEI41,5,16,2,0
2023-12-23,IMEI42,1,8,0,0
2023-12-23,IMEI43,9,6,4,4
2023-12-23,IMEI44,0,3,1,6
2023-12-23,IMEI45,1,20,0,5
2023-12-23,IMEI46,0,6,2,6
2023-12-23,IMEI47,7,5,2,8
2023-12-23,IMEI48,3,17,5,5
2023-12-23,IMEI49,10,4,3,8
2023-12-23,IMEI50,9,2,2,3
2023-12-23,IMEI51,4,17,4,5
2023-12-23,IMEI52,7,12,0,4
2023-12-23,IMEI53,0,3,1,2
2023-12-23,IMEI54,6,4,1,1
2023-12-23,IMEI55,9,8,5,0
2023-12-23,IMEI56,5,9,4,2
2023-12-23,IMEI57,10,6,3,6
2023-12-23,IMEI58,0,10,3,1
2023-12-23,IMEI59,2,5,3,0
2023-12-23,IMEI60,3,7,5,7
2023-12-23,IMEI61,10,2,5,2
2023-12-23,IMEI62,5,8,1,2
2023-12-23,IMEI63,7,12,5,5
2023-12-23,IMEI64,0,12,0,7
2023-12-23,IMEI65,3,3,3,6
2023-12-23,IMEI66,4,7,0,4
2023-12-23,IMEI67,4,3,2,7
2023-12-23,IMEI68,3,15,1,1
2023-12-23,IMEI69,0,5,4,2
2023-12-23,IMEI70,9,11,5,3
2023-12-23,IMEI71,9,12,4,7
2023-12-23,IMEI72,1,10,2,5
2023-12-23,IMEI73,1,6,4,8
2023-12-23,IMEI74,5,6,0,4
2023-12-23,IMEI75,0,4,4,8
2023-12-23,IMEI76,2,16,4,2
2023-12-23,IMEI77,10,6,0,4
2023-12-23,IMEI78,9,7,2,2
2023-12-23,IMEI79,7,9,3,5
2023-12-23,IMEI80,2,16,5,4
2023-12-23,IMEI81,0,10,5,6
2023-12-23,IMEI82,0,5,3,3
2023-12-23,IMEI83,5,15,4,1
2023-12-23,IMEI84,3,4,4,3
2023-12-23,IMEI85,9,12,5,6
2023-12-23,IMEI86,5,9,4,7
2023-12-23,IMEI87,10,16,2,5
2023-12-23,IMEI88,5,0,4,6
2023-12-23,IMEI89,4,15,2,7
2023-12-23,IMEI90,10,13,2,7
2023-12-23,IMEI91,3,13,5,2
2023-12-23,IMEI92,3,2,4,0
2023-12-23,IMEI93,6,0,2,0
2023-12-23,IMEI94,9,9,3,4
2023-12-23,IMEI95,8,15,5,5
2023-12-23,IMEI96,5,11,3,0
2023-12-23,IMEI97,6,0,1,4
2023-12-23,IMEI98,10,20,0,6
2023-12-23,IMEI99,3,5,3,3
2023-12-24,IMEI0,2,8,1,0
2023-12-24,IMEI1,9,6,3,5
2023-12-24,IMEI2,5,0,3,7
2023-12-24,IMEI3,5,18,0,2
2023-12-24,IMEI4,1,1,1,1
2023-12-24,IMEI5,4,9,5,3
2023-12-24,IMEI6,2,12,2,2
2023-12-24,IMEI7,7,3,3,7
2023-12-24,IMEI8,4,16,3,2
2023-12-24,IMEI9,10,9,4,5
2023-12-24,IMEI10,2,15,4,8
2023-12-24,IMEI11,10,2,0,3
2023-12-24,IMEI12,8,10,2,2
2023-12-24,IMEI13,1,2,1,4
2023-12-24,IMEI14,0,14,2,6
2023-12-24,IMEI15,10,1,3,2
2023-12-24,IMEI16,8,14,1,1
2023-12-24,IMEI17,2,10,1,3
2023-12-24,IMEI18,5,20,4,5
2023-12-24,IMEI19,2,12,4,5
2023-12-24,IMEI20,5,11,3,6
2023-12-24,IMEI21,8,16,0,6
2023-12-24,IMEI22,9,7,0,5
2023-12-24,IMEI23,7,1,0,3
2023-12-24,IMEI24,6,16,2,7
2023-12-24,IMEI25,2,17,3,5
2023-12-24,IMEI26,7,4,3,6
2023-12-24,IMEI27,6,6,3,1
2023-12-24,IMEI28,8,14,3,6
2023-12-24,IMEI29,0,15,1,4
2023-12-24,IMEI30,3,18,1,8
2023-12-24,IMEI31,4,20,5,7
2023-12-24,IMEI32,10,16,0,6
2023-12-24,IMEI33,6,9,3,0
2023-12-24,IMEI34,2,3,1,1
2023-12-24,IMEI35,7,15,2,4
2023-12-24,IMEI36,9,14,5,3
2023-12-24,IMEI37,8,6,1,5
2023-12-24,IMEI38,9,16,1,1
2023-12-24,IMEI39,7,13,5,4
2023-12-24,IMEI40,0,8,0,0
2023-12-24,IMEI41,10,20,2,2
2023-12-24,IMEI42,3,17,1,1
2023-12-24,IMEI43,7,1,4,1
2023-12-24,IMEI44,4,4,2,2
2023-12-24,IMEI45,1,19,0,4
2023-12-24,IMEI46,2,1,3,0
2023-12-24,IMEI47,2,14,1,6
2023-12-24,IMEI48,9,2,5,8
2023-12-24,IMEI49,5,12,4,2
2023-12-24,IMEI50,9,7,2,4
2023-12-24,IMEI51,6,6,3,2
2023-12-24,IMEI52,1,10,3,1
2023-12-24,IMEI53,4,2,5,3
2023-12-24,IMEI54,1,12,0,0
2023-12-24,IMEI55,10,1,1,6
2023-12-24,IMEI56,10,16,3,1
2023-12-24,IMEI57,7,8,3,3
2023-12-24,IMEI58,2,7,1,3
2023-12-24,IMEI59,5,11,3,8
2023-12-24,IMEI60,9,10,0,6
2023-12-24,IMEI61,0,13,3,5
2023-12-24,IMEI62,2,3,2,6
2023-12-24,IMEI63,5,1,5,2
2023-12-24,IMEI64,0,0,5,5
2023-12-24,IMEI65,5,5,1,5
2023-12-24,IMEI66,10,20,2,4
2023-12-24,IMEI67,9,1,5,4
2023-12-24,IMEI68,1,12,5,4
2023-12-24,IMEI69,8,9,3,0
2023-12-24,IMEI70,1,3,4,7
2023-12-24,IMEI71,6,4,3,1
2023-12-24,IMEI72,4,8,4,2
2023-12-24,IMEI73,1,18,2,0
2023-12-24,IMEI74,6,13,4,4
2023-12-24,IMEI75,10,18,0,6
2023-12-24,IMEI76,3,13,1,7
2023-12-24,IMEI77,1,12,4,0
2023-12-24,IMEI78,3,18,0,1
2023-12-24,IMEI79,6,11,2,3
2023-12-24,IMEI80,9,7,0,1
2023-12-24,IMEI81,7,10,2,8
2023-12-24,IMEI82,4,12,4,5
2023-12-24,IMEI83,7,4,3,7
2023-12-24,IMEI84,3,13,5,8
2023-12-24,IMEI85,8,4,5,7
2023-12-24,IMEI86,1,0,3,3
2023-12-24,IMEI87,10,8,5,0
2023-12-24,IMEI88,3,7,0,6
2023-12-24,IMEI89,8,2,1,8
2023-12-24,IMEI90,7,15,3,8
2023-12-24,IMEI91,4,13,0,7
2023-12-24,IMEI92,2,11,5,1
2023-12-24,IMEI93,4,9,2,6
2023-12-24,IMEI94,5,13,4,1
2023-12-24,IMEI95,1,13,5,2
2023-12-24,IMEI96,6,17,4,2
2023-12-24,IMEI97,0,2,5,1
2023-12-24,IMEI98,10,17,0,6
2023-12-24,IMEI99,5,14,1,4
2023-12-25,IMEI0,10,5,1,6
2023-12-25,IMEI1,4,10,1,0
2023-12-25,IMEI2,3,2,1,5
2023-12-25,IMEI3,3,19,5,3
2023-12-25,IMEI4,6,3,1,6
2023-12-25,IMEI5,5,3,1,7
2023-12-25,IMEI6,8,5,4,7
2023-12-25,IMEI7,0,7,5,2
2023-12-25,IMEI8,5,13,3,4
2023-12-25,IMEI9,1,8,1,4
2023-12-25,IMEI10,8,3,2,4
2023-12-25,IMEI11,8,5,0,5
2023-12-25,IMEI12,0,17,3,0
2023-12-25,IMEI13,2,20,5,8
2023-12-25,IMEI14,3,19,5,2
2023-12-25,IMEI15,9,17,2,0
2023-12-25,IMEI16,7,12,3,7
2023-12-25,IMEI17,10,19,3,1
2023-12-25,IMEI18,2,0,3,1
2023-12-25,IMEI19,10,18,4,7
2023-12-25,IMEI20,0,3,0,8
2023-12-25,IMEI21,7,9,4,6
2023-12-25,IMEI22,10,4,4,1
2023-12-25,IMEI23,1,13,5,8
2023-12-25,IMEI24,4,12,2,0
2023-12-25,IMEI25,3,8,4,2
2023-12-25,IMEI26,5,10,5,0
2023-12-25,IMEI27,4,5,1,5
2023-12-25,IMEI28,7,8,1,0
2023-12-25,IMEI29,6,5,1,2
2023-12-25,IMEI30,6,13,0,5
2023-12-25,IMEI31,1,13,3,5
2023-12-25,IMEI32,6,6,3,6
2023-12-25,IMEI33,10,7,2,2
2023-12-25,IMEI34,3,12,5,0
2023-12-25,IMEI35,3,12,3,5
2023-12-25,IMEI36,5,12,2,4
2023-12-25,IMEI37,5,12,0,6
2023-12-25,IMEI38,0,8,5,5
2023-12-25,IMEI39,1,4,0,2
2023-12-25,IMEI40,2,6,4,7
2023-12-25,IMEI41,7,0,1,4
2023-12-25,IMEI42,8,18,3,8
2023-12-25,IMEI43,2,10,3,6
2023-12-25,IMEI44,0,4,4,0
2023-12-25,IMEI45,0,10,0,2
2023-12-25,IMEI46,1,8,5,6
2023-12-25,IMEI47,2,12,4,6
2023-12-25,IMEI48,1,3,4,7
2023-12-25,IMEI49,10,2,3,7
2023-12-25,IMEI50,5,20,3,7
2023-12-25,IMEI51,1,13,5,0
2023-12-25,IMEI52,8,10,0,1
2023-12-25,IMEI53,2,10,4,3
2023-12-25,IMEI54,5,11,4,1
2023-12-25,IMEI55,3,0,0,2
2023-12-25,IMEI56,3,5,1,6
2023-12-25,IMEI57,2,13,5,0
2023-12-25,IMEI58,0,0,5,0
2023-12-25,IMEI59,8,4,5,7
2023-12-25,IMEI60,3,6,3,7
2023-12-25,IMEI61,4,18,5,6
2023-12-25,IMEI62,5,0,3,0
2023-12-25,IMEI63,0,15,5,0
2023-12-25,IMEI64,1,14,4,5
2023-12-25,IMEI65,0,15,3,3
2023-12-25,IMEI66,4,18,0,4
2023-12-25,IMEI67,9,4,3,4
2023-12-25,IMEI68,0,20,3,2
2023-12-25,IMEI69,3,3,4,8
2023-12-25,IMEI70,4,20,5,1
2023-12-25,IMEI71,0,20,2,0
2023-12-25,IMEI72,1,5,4,1
2023-12-25,IMEI73,5,1,3,6
2023-12-25,IMEI74,5,18,1,4
2023-12-25,IMEI75,0,3,5,0
2023-12-25,IMEI76,8,20,1,7
2023-12-25,IMEI77,9,14,4,7
2023-12-25,IMEI78,4,3,0,0
2023-12-25,IMEI79,10,3,3,2
2023-12-25,IMEI80,9,2,3,2
2023-12-25,IMEI81,8,20,5,7
2023-12-25,IMEI82,10,16,0,8
2023-12-25,IMEI83,5,2,4,8
2023-12-25,IMEI84,2,1,0,3
2023-12-25,IMEI85,2,10,4,0
2023-12-25,IMEI86,5,11,3,1
2023-12-25,IMEI87,4,4,5,2
2023-12-25,IMEI88,7,17,1,4
2023-12-25,IMEI89,4,19,0,6
2023-12-25,IMEI90,5,15,0,4
2023-12-25,IMEI91,8,5,1,1
2023-12-25,IMEI92,6,3,0,5
2023-12-25,IMEI93,5,8,2,7
2023-12-25,IMEI94,7,12,0,2
2023-12-25,IMEI95,7,18,5,7
2023-12-25,IMEI96,10,20,2,4
2023-12-25,IMEI97,10,13,3,6
2023-12-25,IMEI98,7,9,3,7
2023-12-25,IMEI99,2,3,3,3
2023-12-26,IMEI0,3,17,5,7
2023-12-26,IMEI1,9,12,0,2
2023-12-26,IMEI2,1,13,1,4
2023-12-26,IMEI3,10,18,0,3
2023-12-26,IMEI4,4,2,3,4
2023-12-26,IMEI5,10,15,4,6
2023-12-26,IMEI6,4,20,1,0
2023-12-26,IMEI7,1,19,0,0
2023-12-26,IMEI8,4,18,4,5
2023-12-26,IMEI9,0,17,3,8
2023-12-26,IMEI10,9,18,2,6
2023-12-26,IMEI11,7,12,1,7
2023-12-26,IMEI12,7,5,5,2
2023-12-26,IMEI13,5,12,3,6
2023-12-26,IMEI14,3,11,3,3
2023-12-26,IMEI15,2,9,5,5
2023-12-26,IMEI16,2,11,0,0
2023-12-26,IMEI17,6,18,1,0
2023-12-26,IMEI18,6,10,1,0
2023-12-26,IMEI19,5,18,3,7
2023-12-26,IMEI20,0,3,3,0
2023-12-26,IMEI21,7,6,1,7
2023-12-26,IMEI22,4,3,5,1
2023-12-26,IMEI23,1,16,1,8
2023-12-26,IMEI24,1,19,2,4
2023-12-26,IMEI25,6,3,1,2
2023-12-26,IMEI26,1,0,4,3
2023-12-26,IMEI27,2,14,2,6
2023-12-26,IMEI28,2,7,0,7
2023-12-26,IMEI29,9,12,1,6
2023-12-26,IMEI30,4,8,5,1
2023-12-26,IMEI31,6,3,5,3
2023-12-26,IMEI32,1,16,5,2
2023-12-26,IMEI33,6,14,4,5
2023-12-26,IMEI34,0,7,0,7
2023-12-26,IMEI35,6,2,0,1
2023-12-26,IMEI36,0,10,2,5
2023-12-26,IMEI37,2,5,4,0
2023-12-26,IMEI38,3,1,4,6
2023-12-26,IMEI39,10,11,5,2
2023-12-26,IMEI40,9,1,0,6
2023-12-26,IMEI41,6,7,5,2
2023-12-26,IMEI42,6,3,4,5
2023-12-26,IMEI43,4,13,4,2
2023-12-26,IMEI44,2,19,3,7
2023-12-26,IMEI45,8,14,5,3
2023-12-26,IMEI46,1,10,0,0
2023-12-26,IMEI47,4,15,4,2
2023-12-26,IMEI48,6,19,5,3
2023-12-26,IMEI49,1,4,2,5
2023-12-26,IMEI50,6,17,1,3
2023-12-26,IMEI51,1,6,1,4
2023-12-26,IMEI52,5,3,3,6
2023-12-26,IMEI53,5,5,2,3
2023-12-26,IMEI54,8,13,0,0
2023-12-26,IMEI55,10,15,2,8
2023-12-26,IMEI56,5,5,2,7
2023-12-26,IMEI57,10,20,0,3
2023-12-26,IMEI58,4,16,0,2
2023-12-26,IMEI59,7,14,5,7
2023-12-26,IMEI60,3,8,3,8
2023-12-26,IMEI61,2,20,3,1
2023-12-26,IMEI62,6,14,0,6
2023-12-26,IMEI63,8,15,5,7
2023-12-26,IMEI64,9,7,1,7
2023-12-26,IMEI65,9,0,5,7
2023-12-26,IMEI66,5,13,0,6
2023-12-26,IMEI67,0,17,2,8
2023-12-26,IMEI68,0,18,2,6
2023-12-26,IMEI69,10,0,2,2
2023-12-26,IMEI70,2,20,3,4
2023-12-26,IMEI71,2,2,5,8
2023-12-26,IMEI72,9,7,5,3
2023-12-26,IMEI73,0,3,0,3
2023-12-26,IMEI74,9,14,1,0
2023-12-26,IMEI75,5,6,3,3
2023-12-26,IMEI76,3,2,3,4
2023-12-26,IMEI77,3,13,0,7
2023-12-26,IMEI78,6,0,4,8
2023-12-26,IMEI79,5,9,2,8
2023-12-26,IMEI80,8,18,2,8
2023-12-26,IMEI81,1,17,3,6
2023-12-26,IMEI82,3,6,2,4
2023-12-26,IMEI83,7,6,2,1
2023-12-26,IMEI84,5,11,5,6
2023-12-26,IMEI85,9,14,0,0
2023-12-26,IMEI86,8,17,3,4
2023-12-26,IMEI87,0,12,4,1
2023-12-26,IMEI88,10,1,0,6
2023-12-26,IMEI89,6,1,3,3
2023-12-26,IMEI90,1,15,3,2
2023-12-26,IMEI91,7,3,0,6
2023-12-26,IMEI92,10,0,0,6
2023-12-26,IMEI93,6,6,5,8
2023-12-26,IMEI94,4,7,4,6
2023-12-26,IMEI95,7,16,1,7
2023-12-26,IMEI96,8,3,5,1
2023-12-26,IMEI97,4,8,0,3
2023-12-26,IMEI98,3,0,3,0
2023-12-26,IMEI99,6,3,2,5
2023-12-27,IMEI0,1,20,3,7
2023-12-27,IMEI1,3,2,4,3
2023-12-27,IMEI2,10,7,4,7
2023-12-27,IMEI3,8,20,3,3
2023-12-27,IMEI4,0,13,4,1
2023-12-27,IMEI5,10,0,1,0
2023-12-27,IMEI6,7,4,3,4
2023-12-27,IMEI7,10,16,4,3
2023-12-27,IMEI8,10,16,4,7
2023-12-27,IMEI9,8,19,3,3
2023-12-27,IMEI10,7,5,4,0
2023-12-27,IMEI11,1,19,5,5
2023-12-27,IMEI12,4,12,5,6
2023-12-27,IMEI13,7,18,5,7
2023-12-27,IMEI14,2,19,2,0
2023-12-27,IMEI15,3,17,5,4
2023-12-27,IMEI16,10,12,2,8
2023-12-27,IMEI17,3,11,0,5
2023-12-27,IMEI18,7,14,1,2
2023-12-27,IMEI19,0,19,1,1
2023-12-27,IMEI20,9,17,5,8
2023-12-27,IMEI21,0,20,0,1
2023-12-27,IMEI22,9,8,4,5
2023-12-27,IMEI23,0,7,5,2
2023-12-27,IMEI24,2,10,3,6
2023-12-27,IMEI25,9,20,5,4
2023-12-27,IMEI26,6,6,4,8
2023-12-27,IMEI27,10,1,4,1
2023-12-27,IMEI28,4,3,4,2
2023-12-27,IMEI29,7,19,2,5
2023-12-27,IMEI30,5,19,4,1
2023-12-27,IMEI31,2,0,3,4
2023-12-27,IMEI32,4,14,2,5
2023-12-27,IMEI33,1,13,2,8
2023-12-27,IMEI34,3,1,2,3
2023-12-27,IMEI35,0,6,4,8
2023-12-27,IMEI36,6,17,5,6
2023-12-27,IMEI37,8,20,2,4
2023-12-27,IMEI38,8,2,3,3
2023-12-27,IMEI39,3,5,2,6
2023-12-27,IMEI40,2,7,2,3
2023-12-27,IMEI41,4,10,0,3
2023-12-27,IMEI42,3,16,5,2
2023-12-27,IMEI43,7,2,5,5
2023-12-27,IMEI44,8,6,4,8
2023-12-27,IMEI45,9,15,3,4
2023-12-27,IMEI46,8,4,5,6
2023-12-27,IMEI47,4,2,4,3
2023-12-27,IMEI48,7,4,1,7
2023-12-27,IMEI49,1,10,2,4
2023-12-27,IMEI50,10,4,2,6
2023-12-27,IMEI51,4,9,3,0
2023-12-27,IMEI52,4,18,1,8
2023-12-27,IMEI53,1,0,1,2
2023-12-27,IMEI54,9,16,2,2
2023-12-27,IMEI55,10,9,1,7
2023-12-27,IMEI56,0,11,2,7
2023-12-27,IMEI57,1,12,0,0
2023-12-27,IMEI58,6,15,4,6
2023-12-27,IMEI59,8,20,0,6
2023-12-27,IMEI60,2,12,1,2
2023-12-27,IMEI61,1,5,1,5
2023-12-27,IMEI62,10,14,2,6
2023-12-27,IMEI63,0,1,0,8
2023-12-27,IMEI64,9,18,2,4
2023-12-27,IMEI65,5,11,1,4
2023-12-27,IMEI66,7,10,3,0
2023-12-27,IMEI67,8,4,2,7
2023-12-27,IMEI68,7,6,4,8
2023-12-27,IMEI69,8,5,4,5
2023-12-27,IMEI70,4,5,1,0
2023-12-27,IMEI71,5,7,3,5
2023-12-27,IMEI72,10,19,2,6
2023-12-27,IMEI73,4,13,1,6
2023-12-27,IMEI74,4,9,0,0
2023-12-27,IMEI75,10,2,1,3
2023-12-27,IMEI76,3,10,4,7
2023-12-27,IMEI77,3,6,0,3
2023-12-27,IMEI78,8,17,0,1
2023-12-27,IMEI79,0,1,3,5
2023-12-27,IMEI80,2,17,0,6
2023-12-27,IMEI81,4,14,3,5
2023-12-27,IMEI82,4,8,1,1
2023-12-27,IMEI83,6,1,2,6
2023-12-27,IMEI84,5,6,4,5
2023-12-27,IMEI85,8,20,2,6
2023-12-27,IMEI86,9,17,0,5
2023-12-27,IMEI87,7,13,4,8
2023-12-27,IMEI88,1,7,3,8
2023-12-27,IMEI89,2,12,4,2
2023-12-27,IMEI90,1,19,5,1
2023-12-27,IMEI91,10,9,3,2
2023-12-27,IMEI92,3,17,0,4
2023-12-27,IMEI93,9,0,0,6
2023-12-27,IMEI94,3,13,5,2
2023-12-27,IMEI95,6,11,3,1
2023-12-27,IMEI96,2,4,3,3
2023-12-27,IMEI97,2,20,3,1
2023-12-27,IMEI98,3,2,5,1
2023-12-27,IMEI99,9,18,4,4
2023-12-28,IMEI0,8,0,3,4
2023-12-28,IMEI1,5,7,3,2
2023-12-28,IMEI2,10,1,5,4
2023-12-28,IMEI3,7,1,2,0
2023-12-28,IMEI4,9,15,4,2
2023-12-28,IMEI5,6,5,5,3
2023-12-28,IMEI6,7,13,4,6
2023-12-28,IMEI7,3,15,4,3
2023-12-28,IMEI8,5,14,5,8
2023-12-28,IMEI9,1,9,3,6
2023-12-28,IMEI10,10,19,4,7
2023-12-28,IMEI11,8,6,5,8
2023-12-28,IMEI12,1,4,3,1
2023-12-28,IMEI13,2,17,0,0
2023-12-28,IMEI14,0,19,1,1
2023-12-28,IMEI15,3,10,2,0
2023-12-28,IMEI16,8,14,3,5
2023-12-28,IMEI17,9,16,5,5
2023-12-28,IMEI18,10,12,4,3
2023-12-28,IMEI19,5,19,4,6
2023-12-28,IMEI20,5,10,4,3
2023-12-28,IMEI21,10,15,3,6
2023-12-28,IMEI22,1,11,0,0
2023-12-28,IMEI23,2,18,4,3
2023-12-28,IMEI24,0,8,4,2
2023-12-28,IMEI25,2,6,0,3
2023-12-28,IMEI26,1,5,1,6
2023-12-28,IMEI27,8,0,1,0
2023-12-28,IMEI28,4,2,5,2
2023-12-28,IMEI29,9,6,4,6
2023-12-28,IMEI30,6,6,0,4
2023-12-28,IMEI31,2,13,3,8
2023-12-28,IMEI32,7,8,5,4
2023-12-28,IMEI33,8,10,3,3
2023-12-28,IMEI34,1,6,2,6
2023-12-28,IMEI35,10,2,2,8
2023-12-28,IMEI36,8,1,0,5
2023-12-28,IMEI37,5,20,2,4
2023-12-28,IMEI38,0,1,3,7
2023-12-28,IMEI39,1,7,0,7
2023-12-28,IMEI40,5,15,5,2
2023-12-28,IMEI41,4,6,4,3
2023-12-28,IMEI42,8,20,2,6
2023-12-28,IMEI43,6,5,4,2
2023-12-28,IMEI44,9,3,5,1
2023-12-28,IMEI45,0,8,3,5
2023-12-28,IMEI46,0,11,2,8
2023-12-28,IMEI47,4,5,3,2
2023-12-28,IMEI48,9,4,1,7
2023-12-28,IMEI49,0,12,3,4
2023-12-28,IMEI50,5,15,5,3
2023-12-28,IMEI51,7,20,5,1
2023-12-28,IMEI52,0,4,0,6
2023-12-28,IMEI53,10,14,2,2
2023-12-28,IMEI54,1,13,4,4
2023-12-28,IMEI55,0,14,5,0
2023-12-28,IMEI56,10,13,5,1
2023-12-28,IMEI57,0,19,0,1
2023-12-28,IMEI58,3,3,0,3
2023-12-28,IMEI59,2,17,2,2
2023-12-28,IMEI60,4,8,5,1
2023-12-28,IMEI61,6,14,0,1
2023-12-28,IMEI62,4,17,3,5
2023-12-28,IMEI63,9,13,2,5
2023-12-28,IMEI64,0,11,2,3
2023-12-28,IMEI65,0,11,0,8
2023-12-28,IMEI66,3,7,4,5
2023-12-28,IMEI67,9,5,4,6
2023-12-28,IMEI68,1,7,3,7
2023-12-28,IMEI69,7,5,2,3
2023-12-28,IMEI70,5,1,5,4
2023-12-28,IMEI71,9,9,1,7
2023-12-28,IMEI72,10,17,5,7
2023-12-28,IMEI73,7,11,4,1
2023-12-28,IMEI74,0,19,4,1
2023-12-28,IMEI75,1,6,3,8
2023-12-28,IMEI76,6,1,1,3
2023-12-28,IMEI77,8,11,5,1
2023-12-28,IMEI78,10,5,5,4
2023-12-28,IMEI79,3,4,4,2
2023-12-28,IMEI80,6,0,3,4
2023-12-28,IMEI81,2,0,5,8
2023-12-28,IMEI82,0,10,2,8
2023-12-28,IMEI83,6,6,2,3
2023-12-28,IMEI84,5,18,0,1
2023-12-28,IMEI85,8,14,4,0
2023-12-28,IMEI86,2,3,4,4
2023-12-28,IMEI87,3,19,2,1
2023-12-28,IMEI88,4,16,2,0
2023-12-28,IMEI89,8,0,0,5
2023-12-28,IMEI90,2,19,1,2
2023-12-28,IMEI91,1,12,5,8
2023-12-28,IMEI92,9,3,2,0
2023-12-28,IMEI93,10,9,1,6
2023-12-28,IMEI94,10,2,2,3
2023-12-28,IMEI95,0,11,2,6
2023-12-28,IMEI96,5,2,3,2
2023-12-28,IMEI97,0,19,2,7
2023-12-28,IMEI98,1,12,3,2
2023-12-28,IMEI99,3,5,1,1
2023-12-29,IMEI0,3,10,1,2
2023-12-29,IMEI1,8,2,4,7
2023-12-29,IMEI2,2,16,1,8
2023-12-29,IMEI3,10,4,3,3
2023-12-29,IMEI4,7,18,3,8
2023-12-29,IMEI5,0,1,1,0
2023-12-29,IMEI6,0,15,2,1
2023-12-29,IMEI7,8,17,4,8
2023-12-29,IMEI8,3,16,3,4
2023-12-29,IMEI9,1,10,0,6
2023-12-29,IMEI10,4,9,2,5
2023-12-29,IMEI11,3,20,3,1
2023-12-29,IMEI12,1,15,1,0
2023-12-29,IMEI13,4,16,0,3
2023-12-29,IMEI14,7,16,4,2
2023-12-29,IMEI15,5,4,4,6
2023-12-29,IMEI16,9,17,2,1
2023-12-29,IMEI17,0,19,2,0
2023-12-29,IMEI18,2,8,5,7
2023-12-29,IMEI19,10,12,5,0
2023-12-29,IMEI20,7,4,2,8
2023-12-29,IMEI21,2,18,0,5
2023-12-29,IMEI22,1,11,3,6
2023-12-29,IMEI23,3,13,5,1
2023-12-29,IMEI24,4,14,5,6
2023-12-29,IMEI25,8,0,0,7
2023-12-29,IMEI26,9,8,0,8
2023-12-29,IMEI27,7,14,3,1
2023-12-29,IMEI28,2,12,2,5
2023-12-29,IMEI29,10,2,4,4
2023-12-29,IMEI30,9,11,4,2
2023-12-29,IMEI31,8,6,0,0
2023-12-29,IMEI32,5,6,3,7
2023-12-29,IMEI33,2,0,3,1
2023-12-29,IMEI34,4,3,5,6
2023-12-29,IMEI35,5,18,4,0
2023-12-29,IMEI36,7,17,5,6
2023-12-29,IMEI37,9,4,2,0
2023-12-29,IMEI38,1,16,1,1
2023-12-29,IMEI39,8,7,0,5
2023-12-29,IMEI40,2,16,1,1
2023-12-29,IMEI41,1,9,1,7
2023-12-29,IMEI42,8,8,1,1
2023-12-29,IMEI43,10,13,2,8
2023-12-29,IMEI44,7,14,2,2
2023-12-29,IMEI45,0,16,3,5
2023-12-29,IMEI46,3,12,2,8
2023-12-29,IMEI47,6,13,0,1
2023-12-29,IMEI48,3,15,1,8
2023-12-29,IMEI49,3,17,4,6
2023-12-29,IMEI50,5,1,3,3
2023-12-29,IMEI51,6,12,0,3
2023-12-29,IMEI52,10,1,3,3
2023-12-29,IMEI53,6,18,0,5
2023-12-29,IMEI54,5,8,3,6
2023-12-29,IMEI55,8,11,4,8
2023-12-29,IMEI56,8,2,1,0
2023-12-29,IMEI57,3,0,3,0
2023-12-29,IMEI58,10,6,4,4
2023-12-29,IMEI59,7,13,0,5
2023-12-29,IMEI60,2,19,4,8
2023-12-29,IMEI61,7,16,4,8
2023-12-29,IMEI62,5,19,0,4
2023-12-29,IMEI63,3,13,1,0
2023-12-29,IMEI64,10,12,2,1
2023-12-29,IMEI65,9,3,0,2
2023-12-29,IMEI66,10,16,1,0
2023-12-29,IMEI67,7,4,2,3
2023-12-29,IMEI68,8,5,5,6
2023-12-29,IMEI69,1,0,4,7
2023-12-29,IMEI70,5,9,0,8
2023-12-29,IMEI71,9,16,5,0
2023-12-29,IMEI72,6,13,2,3
2023-12-29,IMEI73,0,17,5,4
2023-12-29,IMEI74,6,3,5,5
2023-12-29,IMEI75,1,15,5,1
2023-12-29,IMEI76,7,5,1,5
2023-12-29,IMEI77,10,10,5,8
2023-12-29,IMEI78,5,11,5,4
2023-12-29,IMEI79,0,8,3,5
2023-12-29,IMEI80,9,11,0,8
2023-12-29,IMEI81,3,8,4,7
2023-12-29,IMEI82,8,12,5,1
2023-12-29,IMEI83,1,13,2,8
2023-12-29,IMEI84,0,5,3,8
2023-12-29,IMEI85,8,7,0,8
2023-12-29,IMEI86,8,7,1,7
2023-12-29,IMEI87,10,18,4,7
2023-12-29,IMEI88,1,14,3,1
2023-12-29,IMEI89,2,10,5,6
2023-12-29,IMEI90,3,15,3,5
2023-12-29,IMEI91,0,20,5,6
2023-12-29,IMEI92,4,13,1,8
2023-12-29,IMEI93,6,11,2,3
2023-12-29,IMEI94,6,10,0,7
2023-12-29,IMEI95,0,19,1,4
2023-12-29,IMEI96,8,5,4,0
2023-12-29,IMEI97,2,11,3,0
2023-12-29,IMEI98,7,11,4,6
2023-12-29,IMEI99,9,11,5,5
2023-12-30,IMEI0,9,3,5,4
2023-12-30,IMEI1,4,8,4,1
2023-12-30,IMEI2,8,6,0,5
2023-12-30,IMEI3,2,16,1,0
2023-12-30,IMEI4,8,20,0,2
2023-12-30,IMEI5,2,9,4,6
2023-12-30,IMEI6,10,2,0,4
2023-12-30,IMEI7,8,6,4,2
2023-12-30,IMEI8,0,11,5,4
2023-12-30,IMEI9,9,5,2,3
2023-12-30,IMEI10,8,8,1,6
2023-12-30,IMEI11,9,10,2,4
2023-12-30,IMEI12,3,17,4,5
2023-12-30,IMEI13,2,5,0,2
2023-12-30,IMEI14,6,5,2,8
2023-12-30,IMEI15,9,11,1,2
2023-12-30,IMEI16,9,18,5,7
2023-12-30,IMEI17,5,14,4,7
2023-12-30,IMEI18,5,14,4,6
2023-12-30,IMEI19,8,13,0,4
2023-12-30,IMEI20,9,13,1,7
2023-12-30,IMEI21,3,8,3,3
2023-12-30,IMEI22,0,5,3,3
2023-12-30,IMEI23,7,16,0,3
2023-12-30,IMEI24,3,20,4,4
2023-12-30,IMEI25,2,3,1,3
2023-12-30,IMEI26,2,17,0,7
2023-12-30,IMEI27,7,17,3,6
2023-12-30,IMEI28,5,13,5,2
2023-12-30,IMEI29,1,20,5,1
2023-12-30,IMEI30,8,6,2,7
2023-12-30,IMEI31,9,2,3,4
2023-12-30,IMEI32,8,11,5,3
2023-12-30,IMEI33,3,17,0,2
2023-12-30,IMEI34,8,0,4,1
2023-12-30,IMEI35,7,4,3,4
2023-12-30,IMEI36,9,2,2,0
2023-12-30,IMEI37,1,11,0,6
2023-12-30,IMEI38,1,12,5,8
2023-12-30,IMEI39,6,12,2,2
2023-12-30,IMEI40,2,6,5,3
2023-12-30,IMEI41,8,2,4,3
2023-12-30,IMEI42,4,10,4,8
2023-12-30,IMEI43,2,16,1,5
2023-12-30,IMEI44,0,14,5,6
2023-12-30,IMEI45,10,10,1,3
2023-12-30,IMEI46,7,6,5,2
2023-12-30,IMEI47,6,2,2,6
2023-12-30,IMEI48,7,1,1,1
2023-12-30,IMEI49,6,1,5,2
2023-12-30,IMEI50,5,5,4,6
2023-12-30,IMEI51,9,14,4,6
2023-12-30,IMEI52,2,5,4,4
2023-12-30,IMEI53,10,10,4,5
2023-12-30,IMEI54,2,0,4,4
2023-12-30,IMEI55,3,15,5,8
2023-12-30,IMEI56,8,20,5,7
2023-12-30,IMEI57,5,4,3,7
2023-12-30,IMEI58,1,0,3,1
2023-12-30,IMEI59,2,10,2,0
2023-12-30,IMEI60,10,13,3,2
2023-12-30,IMEI61,3,6,3,3
2023-12-30,IMEI62,5,14,2,1
2023-12-30,IMEI63,1,3,1,6
2023-12-30,IMEI64,4,19,5,8
2023-12-30,IMEI65,6,5,3,5
2023-12-30,IMEI66,0,10,1,1
2023-12-30,IMEI67,9,10,3,4
2023-12-30,IMEI68,3,14,4,1
2023-12-30,IMEI69,4,1,3,5
2023-12-30,IMEI70,5,16,3,2
2023-12-30,IMEI71,6,9,4,5
2023-12-30,IMEI72,6,10,3,5
2023-12-30,IMEI73,2,12,2,7
2023-12-30,IMEI74,3,16,2,7
2023-12-30,IMEI75,7,16,2,3
2023-12-30,IMEI76,3,3,4,4
2023-12-30,IMEI77,0,5,2,4
2023-12-30,IMEI78,3,12,5,1
2023-12-30,IMEI79,5,16,0,2
2023-12-30,IMEI80,3,9,0,3
2023-12-30,IMEI81,1,0,3,0
2023-12-30,IMEI82,4,19,5,2
2023-12-30,IMEI83,7,15,2,3
2023-12-30,IMEI84,8,19,5,8
2023-12-30,IMEI85,9,12,4,3
2023-12-30,IMEI86,2,3,3,8
2023-12-30,IMEI87,3,16,3,1
2023-12-30,IMEI88,8,2,2,7
2023-12-30,IMEI89,6,20,5,3
2023-12-30,IMEI90,0,3,2,0
2023-12-30,IMEI91,9,14,0,3
2023-12-30,IMEI92,10,16,4,4
2023-12-30,IMEI93,4,11,1,8
2023-12-30,IMEI94,6,8,4,2
2023-12-30,IMEI95,9,17,1,4
2023-12-30,IMEI96,1,18,5,5
2023-12-30,IMEI97,4,12,2,2
2023-12-30,IMEI98,8,13,1,3
2023-12-30,IMEI99,8,11,1,6
2023-12-31,IMEI0,1,4,4,2
2023-12-31,IMEI1,5,11,2,1
2023-12-31,IMEI2,2,13,1,0
2023-12-31,IMEI3,4,20,3,8
2023-12-31,IMEI4,2,19,5,0
2023-12-31,IMEI5,8,6,2,0
2023-12-31,IMEI6,8,13,2,1
2023-12-31,IMEI7,5,3,3,4
2023-12-31,IMEI8,0,11,0,0
2023-12-31,IMEI9,7,0,2,0
2023-12-31,IMEI10,9,5,0,8
2023-12-31,IMEI11,5,15,1,7
2023-12-31,IMEI12,9,3,2,3
2023-12-31,IMEI13,5,8,4,2
2023-12-31,IMEI14,10,13,0,1
2023-12-31,IMEI15,2,14,2,1
2023-12-31,IMEI16,8,13,3,8
2023-12-31,IMEI17,8,10,5,0
2023-12-31,IMEI18,8,4,1,7
2023-12-31,IMEI19,6,12,3,2
2023-12-31,IMEI20,9,8,0,6
2023-12-31,IMEI21,10,15,4,5
2023-12-31,IMEI22,9,17,4,4
2023-12-31,IMEI23,4,1,0,4
2023-12-31,IMEI24,4,13,3,1
2023-12-31,IMEI25,9,6,5,8
2023-12-31,IMEI26,7,18,1,1
2023-12-31,IMEI27,1,3,3,1
2023-12-31,IMEI28,1,1,0,0
2023-12-31,IMEI29,3,18,5,7
2023-12-31,IMEI30,6,18,3,8
2023-12-31,IMEI31,8,6,0,0
2023-12-31,IMEI32,8,16,2,2
2023-12-31,IMEI33,2,4,3,1
2023-12-31,IMEI34,5,18,0,2
2023-12-31,IMEI35,2,8,2,2
2023-12-31,IMEI36,3,11,4,0
2023-12-31,IMEI37,6,7,0,2
2023-12-31,IMEI38,8,13,0,7
2023-12-31,IMEI39,9,1,4,5
2023-12-31,IMEI40,0,18,2,3
2023-12-31,IMEI41,2,13,5,5
2023-12-31,IMEI42,8,7,1,5
2023-12-31,IMEI43,3,15,5,8
2023-12-31,IMEI44,7,19,0,8
2023-12-31,IMEI45,7,15,3,2
2023-12-31,IMEI46,8,11,5,3
2023-12-31,IMEI47,5,1,3,3
2023-12-31,IMEI48,5,19,3,4
2023-12-31,IMEI49,4,9,1,0
2023-12-31,IMEI50,2,17,1,3
2023-12-31,IMEI51,1,16,0,5
2023-12-31,IMEI52,8,3,4,0
2023-12-31,IMEI53,0,12,2,3
2023-12-31,IMEI54,9,16,0,4
2023-12-31,IMEI55,2,5,3,5
2023-12-31,IMEI56,9,4,2,6
2023-12-31,IMEI57,3,18,2,5
2023-12-31,IMEI58,2,3,0,4
2023-12-31,IMEI59,5,15,5,3
2023-12-31,IMEI60,8,16,1,5
2023-12-31,IMEI61,4,11,2,8
2023-12-31,IMEI62,1,5,5,7
2023-12-31,IMEI63,7,9,3,4
2023-12-31,IMEI64,3,10,1,4
2023-12-31,IMEI65,6,17,3,2
2023-12-31,IMEI66,8,9,3,8
2023-12-31,IMEI67,7,20,0,2
2023-12-31,IMEI68,3,11,4,5
2023-12-31,IMEI69,9,2,5,6
2023-12-31,IMEI70,8,4,3,6
2023-12-31,IMEI71,4,8,5,2
2023-12-31,IMEI72,5,10,3,8
2023-12-31,IMEI73,2,16,5,6
2023-12-31,IMEI74,10,5,4,4
2023-12-31,IMEI75,7,14,5,1
2023-12-31,IMEI76,1,17,5,8
2023-12-31,IMEI77,6,4,0,3
2023-12-31,IMEI78,7,4,2,0
2023-12-31,IMEI79,4,20,0,7
2023-12-31,IMEI80,1,7,1,4
2023-12-31,IMEI81,0,7,2,8
2023-12-31,IMEI82,2,15,0,1
2023-12-31,IMEI83,7,20,4,0
2023-12-31,IMEI84,10,0,2,1
2023-12-31,IMEI85,0,20,3,7
2023-12-31,IMEI86,10,1,1,5
2023-12-31,IMEI87,4,4,5,8
2023-12-31,IMEI88,8,3,0,5
2023-12-31,IMEI89,4,11,0,2
2023-12-31,IMEI90,6,7,0,8
2023-12-31,IMEI91,3,1,1,5
2023-12-31,IMEI92,10,19,5,8
2023-12-31,IMEI93,8,10,5,8
2023-12-31,IMEI94,9,1,4,3
2023-12-31,IMEI95,9,17,1,4
2023-12-31,IMEI96,9,7,5,1
2023-12-31,IMEI97,2,0,2,4
2023-12-31,IMEI98,5,10,5,5
2023-12-31,IMEI99,3,5,5,5
